0,1,"['https://cdn.mangahub.io/file/imghub/bleach/1/1.jpg', 'https://cdn.mangahub.io/file/imghub/bleach/1/2.jpg', 'https://cdn.mangahub.io/file/imghub/bleach/1/3.jpg', 'https://cdn.mangahub.io/file/imghub/bleach/1/4.jpg', 'https://cdn.mangahub.io/file/imghub/bleach/1/5.jpg', 'https://cdn.mangahub.io/file/imghub/bleach/1/6.jpg', 'https://cdn.mangahub.io/file/imghub/bleach/1/7.jpg', 'https://cdn.mangahub.io/file/imghub/bleach/1/8.jpg', 'https://cdn.mangahub.io/file/imghub/bleach/1/9.jpg', 'https://cdn.mangahub.io/file/imghub/bleach/1/10.jpg', 'https://cdn.mangahub.io/file/imghub/bleach/1/11.jpg', 'https://cdn.mangahub.io/file/imghub/bleach/1/12.jpg', 'https://cdn.mangahub.io/file/imghub/bleach/1/13.jpg', 'https://cdn.mangahub.io/file/imghub/bleach/1/14.jpg', 'https://cdn.mangahub.io/file/imghub/bleach/1/15.jpg', 'https://cdn.mangahub.io/file/imghub/bleach/1/16.jpg', 'https://cdn.mangahub.io/file/imghub/bleach/1/17.jpg', 'https://cdn.mangahub.io/file/imghub/bleach/1/18.jpg', 'https://cdn.mangahub.io/file/imghub/bleach/1/19.jpg', 'https://cdn.mangahub.io/file/imghub/bleach/1/20.jpg', 'https://cdn.mangahub.io/file/imghub/bleach/1/21.jpg', 'https://cdn.mangahub.io/file/imghub/bleach/1/22.jpg', 'https://cdn.mangahub.io/file/imghub/bleach/1/23.jpg', 'https://cdn.mangahub.io/file/imghub/bleach/1/24.jpg', 'https://cdn.mangahub.io/file/imghub/bleach/1/25.jpg', 'https://cdn.mangahub.io/file/imghub/bleach/1/26.jpg', 'https://cdn.mangahub.io/file/imghub/bleach/1/27.jpg', 'https://cdn.mangahub.io/file/imghub/bleach/1/28.jpg', 'https://cdn.mangahub.io/file/imghub/bleach/1/29.jpg', 'https://cdn.mangahub.io/file/imghub/bleach/1/30.jpg', 'https://cdn.mangahub.io/file/imghub/bleach/1/31.jpg', 'https://cdn.mangahub.io/file/imghub/bleach/1/32.jpg', 'https://cdn.mangahub.io/file/imghub/bleach/1/33.jpg', 'https://cdn.mangahub.io/file/imghub/bleach/1/34.jpg', 'https://cdn.mangahub.io/file/imghub/bleach/1/35.jpg', 'https://cdn.mangahub.io/file/imghub/bleach/1/36.jpg', 'https://cdn.mangahub.io/file/imghub/bleach/1/37.jpg', 'https://cdn.mangahub.io/file/imghub/bleach/1/38.jpg', 'https://cdn.mangahub.io/file/imghub/bleach/1/39.jpg', 'https://cdn.mangahub.io/file/imghub/bleach/1/40.jpg', 'https://cdn.mangahub.io/file/imghub/bleach/1/41.jpg', 'https://cdn.mangahub.io/file/imghub/bleach/1/42.jpg', 'https://cdn.mangahub.io/file/imghub/bleach/1/43.jpg', 'https://cdn.mangahub.io/file/imghub/bleach/1/44.jpg', 'https://cdn.mangahub.io/file/imghub/bleach/1/45.jpg', 'https://cdn.mangahub.io/file/imghub/bleach/1/46.jpg', 'https://cdn.mangahub.io/file/imghub/bleach/1/47.jpg', 'https://cdn.mangahub.io/file/imghub/bleach/1/48.jpg', 'https://cdn.mangahub.io/file/imghub/bleach/1/49.jpg', 'https://cdn.mangahub.io/file/imghub/bleach/1/50.jpg', 'https://cdn.mangahub.io/file/imghub/bleach/1/51.jpg', 'https://cdn.mangahub.io/file/imghub/bleach/1/52.jpg', 'https://cdn.mangahub.io/file/imghub/bleach/1/53.jpg', 'https://cdn.mangahub.io/file/imghub/bleach/1/54.jpg', 'https://cdn.mangahub.io/file/imghub/bleach/1/55.jpg', 'https://cdn.mangahub.io/file/imghub/bleach/1/56.jpg', 'https://cdn.mangahub.io/file/imghub/bleach/1/57.jpg']"
0,2,"['https://cdn.mangahub.io/file/imghub/bleach/2/1.jpg', 'https://cdn.mangahub.io/file/imghub/bleach/2/2.jpg', 'https://cdn.mangahub.io/file/imghub/bleach/2/3.jpg', 'https://cdn.mangahub.io/file/imghub/bleach/2/4.jpg', 'https://cdn.mangahub.io/file/imghub/bleach/2/5.jpg', 'https://cdn.mangahub.io/file/imghub/bleach/2/6.jpg', 'https://cdn.mangahub.io/file/imghub/bleach/2/7.jpg', 'https://cdn.mangahub.io/file/imghub/bleach/2/8.jpg', 'https://cdn.mangahub.io/file/imghub/bleach/2/9.jpg', 'https://cdn.mangahub.io/file/imghub/bleach/2/10.jpg', 'https://cdn.mangahub.io/file/imghub/bleach/2/11.jpg', 'https://cdn.mangahub.io/file/imghub/bleach/2/12.jpg', 'https://cdn.mangahub.io/file/imghub/bleach/2/13.jpg', 'https://cdn.mangahub.io/file/imghub/bleach/2/14.jpg', 'https://cdn.mangahub.io/file/imghub/bleach/2/15.jpg', 'https://cdn.mangahub.io/file/imghub/bleach/2/16.jpg', 'https://cdn.mangahub.io/file/imghub/bleach/2/17.jpg', 'https://cdn.mangahub.io/file/imghub/bleach/2/18.jpg', 'https://cdn.mangahub.io/file/imghub/bleach/2/19.jpg', 'https://cdn.mangahub.io/file/imghub/bleach/2/20.jpg', 'https://cdn.mangahub.io/file/imghub/bleach/2/21.jpg', 'https://cdn.mangahub.io/file/imghub/bleach/2/22.jpg', 'https://cdn.mangahub.io/file/imghub/bleach/2/23.jpg', 'https://cdn.mangahub.io/file/imghub/bleach/2/24.jpg']"
0,3,"['https://cdn.mangahub.io/file/imghub/bleach/3/1.jpg', 'https://cdn.mangahub.io/file/imghub/bleach/3/2.jpg', 'https://cdn.mangahub.io/file/imghub/bleach/3/3.jpg', 'https://cdn.mangahub.io/file/imghub/bleach/3/4.jpg', 'https://cdn.mangahub.io/file/imghub/bleach/3/5.jpg', 'https://cdn.mangahub.io/file/imghub/bleach/3/6.jpg', 'https://cdn.mangahub.io/file/imghub/bleach/3/7.jpg', 'https://cdn.mangahub.io/file/imghub/bleach/3/8.jpg', 'https://cdn.mangahub.io/file/imghub/bleach/3/9.jpg', 'https://cdn.mangahub.io/file/imghub/bleach/3/10.jpg', 'https://cdn.mangahub.io/file/imghub/bleach/3/11.jpg', 'https://cdn.mangahub.io/file/imghub/bleach/3/12.jpg', 'https://cdn.mangahub.io/file/imghub/bleach/3/13.jpg', 'https://cdn.mangahub.io/file/imghub/bleach/3/14.jpg', 'https://cdn.mangahub.io/file/imghub/bleach/3/15.jpg', 'https://cdn.mangahub.io/file/imghub/bleach/3/16.jpg', 'https://cdn.mangahub.io/file/imghub/bleach/3/17.jpg', 'https://cdn.mangahub.io/file/imghub/bleach/3/18.jpg', 'https://cdn.mangahub.io/file/imghub/bleach/3/19.jpg', 'https://cdn.mangahub.io/file/imghub/bleach/3/20.jpg', 'https://cdn.mangahub.io/file/imghub/bleach/3/21.jpg', 'https://cdn.mangahub.io/file/imghub/bleach/3/22.jpg']"
0,4,"['https://cdn.mangahub.io/file/imghub/bleach/4/1.jpg', 'https://cdn.mangahub.io/file/imghub/bleach/4/2.jpg', 'https://cdn.mangahub.io/file/imghub/bleach/4/3.jpg', 'https://cdn.mangahub.io/file/imghub/bleach/4/4.jpg', 'https://cdn.mangahub.io/file/imghub/bleach/4/5.jpg', 'https://cdn.mangahub.io/file/imghub/bleach/4/6.jpg', 'https://cdn.mangahub.io/file/imghub/bleach/4/7.jpg', 'https://cdn.mangahub.io/file/imghub/bleach/4/8.jpg', 'https://cdn.mangahub.io/file/imghub/bleach/4/9.jpg', 'https://cdn.mangahub.io/file/imghub/bleach/4/10.jpg', 'https://cdn.mangahub.io/file/imghub/bleach/4/11.jpg', 'https://cdn.mangahub.io/file/imghub/bleach/4/12.jpg', 'https://cdn.mangahub.io/file/imghub/bleach/4/13.jpg', 'https://cdn.mangahub.io/file/imghub/bleach/4/14.jpg', 'https://cdn.mangahub.io/file/imghub/bleach/4/15.jpg', 'https://cdn.mangahub.io/file/imghub/bleach/4/16.jpg', 'https://cdn.mangahub.io/file/imghub/bleach/4/17.jpg', 'https://cdn.mangahub.io/file/imghub/bleach/4/18.jpg', 'https://cdn.mangahub.io/file/imghub/bleach/4/19.jpg', 'https://cdn.mangahub.io/file/imghub/bleach/4/20.jpg']"
0,5,"['https://cdn.mangahub.io/file/imghub/bleach/5/1.jpg', 'https://cdn.mangahub.io/file/imghub/bleach/5/2.jpg', 'https://cdn.mangahub.io/file/imghub/bleach/5/3.jpg', 'https://cdn.mangahub.io/file/imghub/bleach/5/4.jpg', 'https://cdn.mangahub.io/file/imghub/bleach/5/5.jpg', 'https://cdn.mangahub.io/file/imghub/bleach/5/6.jpg', 'https://cdn.mangahub.io/file/imghub/bleach/5/7.jpg', 'https://cdn.mangahub.io/file/imghub/bleach/5/8.jpg', 'https://cdn.mangahub.io/file/imghub/bleach/5/9.jpg', 'https://cdn.mangahub.io/file/imghub/bleach/5/10.jpg', 'https://cdn.mangahub.io/file/imghub/bleach/5/11.jpg', 'https://cdn.mangahub.io/file/imghub/bleach/5/12.jpg', 'https://cdn.mangahub.io/file/imghub/bleach/5/13.jpg', 'https://cdn.mangahub.io/file/imghub/bleach/5/14.jpg', 'https://cdn.mangahub.io/file/imghub/bleach/5/15.jpg', 'https://cdn.mangahub.io/file/imghub/bleach/5/16.jpg', 'https://cdn.mangahub.io/file/imghub/bleach/5/17.jpg', 'https://cdn.mangahub.io/file/imghub/bleach/5/18.jpg', 'https://cdn.mangahub.io/file/imghub/bleach/5/19.jpg', 'https://cdn.mangahub.io/file/imghub/bleach/5/20.jpg']"
0,6,"['https://cdn.mangahub.io/file/imghub/bleach/6/1.jpg', 'https://cdn.mangahub.io/file/imghub/bleach/6/2.jpg', 'https://cdn.mangahub.io/file/imghub/bleach/6/3.jpg', 'https://cdn.mangahub.io/file/imghub/bleach/6/4.jpg', 'https://cdn.mangahub.io/file/imghub/bleach/6/5.jpg', 'https://cdn.mangahub.io/file/imghub/bleach/6/6.jpg', 'https://cdn.mangahub.io/file/imghub/bleach/6/7.jpg', 'https://cdn.mangahub.io/file/imghub/bleach/6/8.jpg', 'https://cdn.mangahub.io/file/imghub/bleach/6/9.jpg', 'https://cdn.mangahub.io/file/imghub/bleach/6/10.jpg', 'https://cdn.mangahub.io/file/imghub/bleach/6/11.jpg', 'https://cdn.mangahub.io/file/imghub/bleach/6/12.jpg', 'https://cdn.mangahub.io/file/imghub/bleach/6/13.jpg', 'https://cdn.mangahub.io/file/imghub/bleach/6/14.jpg', 'https://cdn.mangahub.io/file/imghub/bleach/6/15.jpg', 'https://cdn.mangahub.io/file/imghub/bleach/6/16.jpg', 'https://cdn.mangahub.io/file/imghub/bleach/6/17.jpg', 'https://cdn.mangahub.io/file/imghub/bleach/6/18.jpg', 'https://cdn.mangahub.io/file/imghub/bleach/6/19.jpg', 'https://cdn.mangahub.io/file/imghub/bleach/6/20.jpg']"
0,7,"['https://cdn.mangahub.io/file/imghub/bleach/7/1.jpg', 'https://cdn.mangahub.io/file/imghub/bleach/7/2.jpg', 'https://cdn.mangahub.io/file/imghub/bleach/7/3.jpg', 'https://cdn.mangahub.io/file/imghub/bleach/7/4.jpg', 'https://cdn.mangahub.io/file/imghub/bleach/7/5.jpg', 'https://cdn.mangahub.io/file/imghub/bleach/7/6.jpg', 'https://cdn.mangahub.io/file/imghub/bleach/7/7.jpg', 'https://cdn.mangahub.io/file/imghub/bleach/7/8.jpg', 'https://cdn.mangahub.io/file/imghub/bleach/7/9.jpg', 'https://cdn.mangahub.io/file/imghub/bleach/7/10.jpg', 'https://cdn.mangahub.io/file/imghub/bleach/7/11.jpg', 'https://cdn.mangahub.io/file/imghub/bleach/7/12.jpg', 'https://cdn.mangahub.io/file/imghub/bleach/7/13.jpg', 'https://cdn.mangahub.io/file/imghub/bleach/7/14.jpg', 'https://cdn.mangahub.io/file/imghub/bleach/7/15.jpg', 'https://cdn.mangahub.io/file/imghub/bleach/7/16.jpg', 'https://cdn.mangahub.io/file/imghub/bleach/7/17.jpg', 'https://cdn.mangahub.io/file/imghub/bleach/7/18.jpg', 'https://cdn.mangahub.io/file/imghub/bleach/7/19.jpg', 'https://cdn.mangahub.io/file/imghub/bleach/7/20.jpg', 'https://cdn.mangahub.io/file/imghub/bleach/7/21.jpg', 'https://cdn.mangahub.io/file/imghub/bleach/7/22.jpg', 'https://cdn.mangahub.io/file/imghub/bleach/7/23.jpg', 'https://cdn.mangahub.io/file/imghub/bleach/7/24.jpg']"
0,8,"['https://cdn.mangahub.io/file/imghub/bleach/8/1.jpg', 'https://cdn.mangahub.io/file/imghub/bleach/8/2.jpg', 'https://cdn.mangahub.io/file/imghub/bleach/8/3.jpg', 'https://cdn.mangahub.io/file/imghub/bleach/8/4.jpg', 'https://cdn.mangahub.io/file/imghub/bleach/8/5.jpg', 'https://cdn.mangahub.io/file/imghub/bleach/8/6.jpg', 'https://cdn.mangahub.io/file/imghub/bleach/8/7.jpg', 'https://cdn.mangahub.io/file/imghub/bleach/8/8.jpg', 'https://cdn.mangahub.io/file/imghub/bleach/8/9.jpg', 'https://cdn.mangahub.io/file/imghub/bleach/8/10.jpg', 'https://cdn.mangahub.io/file/imghub/bleach/8/11.jpg', 'https://cdn.mangahub.io/file/imghub/bleach/8/12.jpg', 'https://cdn.mangahub.io/file/imghub/bleach/8/13.jpg', 'https://cdn.mangahub.io/file/imghub/bleach/8/14.jpg', 'https://cdn.mangahub.io/file/imghub/bleach/8/15.jpg', 'https://cdn.mangahub.io/file/imghub/bleach/8/16.jpg', 'https://cdn.mangahub.io/file/imghub/bleach/8/17.jpg', 'https://cdn.mangahub.io/file/imghub/bleach/8/18.jpg', 'https://cdn.mangahub.io/file/imghub/bleach/8/19.jpg', 'https://cdn.mangahub.io/file/imghub/bleach/8/20.jpg', 'https://cdn.mangahub.io/file/imghub/bleach/8/21.jpg', 'https://cdn.mangahub.io/file/imghub/bleach/8/22.jpg']"
0,9,"['https://cdn.mangahub.io/file/imghub/bleach/9/1.jpg', 'https://cdn.mangahub.io/file/imghub/bleach/9/2.jpg', 'https://cdn.mangahub.io/file/imghub/bleach/9/3.jpg', 'https://cdn.mangahub.io/file/imghub/bleach/9/4.jpg', 'https://cdn.mangahub.io/file/imghub/bleach/9/5.jpg', 'https://cdn.mangahub.io/file/imghub/bleach/9/6.jpg', 'https://cdn.mangahub.io/file/imghub/bleach/9/7.jpg', 'https://cdn.mangahub.io/file/imghub/bleach/9/8.jpg', 'https://cdn.mangahub.io/file/imghub/bleach/9/9.jpg', 'https://cdn.mangahub.io/file/imghub/bleach/9/10.jpg', 'https://cdn.mangahub.io/file/imghub/bleach/9/11.jpg', 'https://cdn.mangahub.io/file/imghub/bleach/9/12.jpg', 'https://cdn.mangahub.io/file/imghub/bleach/9/13.jpg', 'https://cdn.mangahub.io/file/imghub/bleach/9/14.jpg', 'https://cdn.mangahub.io/file/imghub/bleach/9/15.jpg', 'https://cdn.mangahub.io/file/imghub/bleach/9/16.jpg', 'https://cdn.mangahub.io/file/imghub/bleach/9/17.jpg', 'https://cdn.mangahub.io/file/imghub/bleach/9/18.jpg', 'https://cdn.mangahub.io/file/imghub/bleach/9/19.jpg', 'https://cdn.mangahub.io/file/imghub/bleach/9/20.jpg']"
0,10,"['https://cdn.mangahub.io/file/imghub/bleach/10/1.jpg', 'https://cdn.mangahub.io/file/imghub/bleach/10/2.jpg', 'https://cdn.mangahub.io/file/imghub/bleach/10/3.jpg', 'https://cdn.mangahub.io/file/imghub/bleach/10/4.jpg', 'https://cdn.mangahub.io/file/imghub/bleach/10/5.jpg', 'https://cdn.mangahub.io/file/imghub/bleach/10/6.jpg', 'https://cdn.mangahub.io/file/imghub/bleach/10/7.jpg', 'https://cdn.mangahub.io/file/imghub/bleach/10/8.jpg', 'https://cdn.mangahub.io/file/imghub/bleach/10/9.jpg', 'https://cdn.mangahub.io/file/imghub/bleach/10/10.jpg', 'https://cdn.mangahub.io/file/imghub/bleach/10/11.jpg', 'https://cdn.mangahub.io/file/imghub/bleach/10/12.jpg', 'https://cdn.mangahub.io/file/imghub/bleach/10/13.jpg', 'https://cdn.mangahub.io/file/imghub/bleach/10/14.jpg', 'https://cdn.mangahub.io/file/imghub/bleach/10/15.jpg', 'https://cdn.mangahub.io/file/imghub/bleach/10/16.jpg', 'https://cdn.mangahub.io/file/imghub/bleach/10/17.jpg', 'https://cdn.mangahub.io/file/imghub/bleach/10/18.jpg', 'https://cdn.mangahub.io/file/imghub/bleach/10/19.jpg', 'https://cdn.mangahub.io/file/imghub/bleach/10/20.jpg']"
0,11,"['https://cdn.mangahub.io/file/imghub/bleach/11/1.jpg', 'https://cdn.mangahub.io/file/imghub/bleach/11/2.jpg', 'https://cdn.mangahub.io/file/imghub/bleach/11/3.jpg', 'https://cdn.mangahub.io/file/imghub/bleach/11/4.jpg', 'https://cdn.mangahub.io/file/imghub/bleach/11/5.jpg', 'https://cdn.mangahub.io/file/imghub/bleach/11/6.jpg', 'https://cdn.mangahub.io/file/imghub/bleach/11/7.jpg', 'https://cdn.mangahub.io/file/imghub/bleach/11/8.jpg', 'https://cdn.mangahub.io/file/imghub/bleach/11/9.jpg', 'https://cdn.mangahub.io/file/imghub/bleach/11/10.jpg', 'https://cdn.mangahub.io/file/imghub/bleach/11/11.jpg', 'https://cdn.mangahub.io/file/imghub/bleach/11/12.jpg', 'https://cdn.mangahub.io/file/imghub/bleach/11/13.jpg', 'https://cdn.mangahub.io/file/imghub/bleach/11/14.jpg', 'https://cdn.mangahub.io/file/imghub/bleach/11/15.jpg', 'https://cdn.mangahub.io/file/imghub/bleach/11/16.jpg', 'https://cdn.mangahub.io/file/imghub/bleach/11/17.jpg', 'https://cdn.mangahub.io/file/imghub/bleach/11/18.jpg', 'https://cdn.mangahub.io/file/imghub/bleach/11/19.jpg', 'https://cdn.mangahub.io/file/imghub/bleach/11/20.jpg']"
0,12,"['https://cdn.mangahub.io/file/imghub/bleach/12/1.jpg', 'https://cdn.mangahub.io/file/imghub/bleach/12/2.jpg', 'https://cdn.mangahub.io/file/imghub/bleach/12/3.jpg', 'https://cdn.mangahub.io/file/imghub/bleach/12/4.jpg', 'https://cdn.mangahub.io/file/imghub/bleach/12/5.jpg', 'https://cdn.mangahub.io/file/imghub/bleach/12/6.jpg', 'https://cdn.mangahub.io/file/imghub/bleach/12/7.jpg', 'https://cdn.mangahub.io/file/imghub/bleach/12/8.jpg', 'https://cdn.mangahub.io/file/imghub/bleach/12/9.jpg', 'https://cdn.mangahub.io/file/imghub/bleach/12/10.jpg', 'https://cdn.mangahub.io/file/imghub/bleach/12/11.jpg', 'https://cdn.mangahub.io/file/imghub/bleach/12/12.jpg', 'https://cdn.mangahub.io/file/imghub/bleach/12/13.jpg', 'https://cdn.mangahub.io/file/imghub/bleach/12/14.jpg', 'https://cdn.mangahub.io/file/imghub/bleach/12/15.jpg', 'https://cdn.mangahub.io/file/imghub/bleach/12/16.jpg', 'https://cdn.mangahub.io/file/imghub/bleach/12/17.jpg', 'https://cdn.mangahub.io/file/imghub/bleach/12/18.jpg', 'https://cdn.mangahub.io/file/imghub/bleach/12/19.jpg']"
0,13,"['https://cdn.mangahub.io/file/imghub/bleach/13/1.jpg', 'https://cdn.mangahub.io/file/imghub/bleach/13/2.jpg', 'https://cdn.mangahub.io/file/imghub/bleach/13/3.jpg', 'https://cdn.mangahub.io/file/imghub/bleach/13/4.jpg', 'https://cdn.mangahub.io/file/imghub/bleach/13/5.jpg', 'https://cdn.mangahub.io/file/imghub/bleach/13/6.jpg', 'https://cdn.mangahub.io/file/imghub/bleach/13/7.jpg', 'https://cdn.mangahub.io/file/imghub/bleach/13/8.jpg', 'https://cdn.mangahub.io/file/imghub/bleach/13/9.jpg', 'https://cdn.mangahub.io/file/imghub/bleach/13/10.jpg', 'https://cdn.mangahub.io/file/imghub/bleach/13/11.jpg', 'https://cdn.mangahub.io/file/imghub/bleach/13/12.jpg', 'https://cdn.mangahub.io/file/imghub/bleach/13/13.jpg', 'https://cdn.mangahub.io/file/imghub/bleach/13/14.jpg', 'https://cdn.mangahub.io/file/imghub/bleach/13/15.jpg', 'https://cdn.mangahub.io/file/imghub/bleach/13/16.jpg', 'https://cdn.mangahub.io/file/imghub/bleach/13/17.jpg', 'https://cdn.mangahub.io/file/imghub/bleach/13/18.jpg']"
0,14,"['https://cdn.mangahub.io/file/imghub/bleach/14/1.jpg', 'https://cdn.mangahub.io/file/imghub/bleach/14/2.jpg', 'https://cdn.mangahub.io/file/imghub/bleach/14/3.jpg', 'https://cdn.mangahub.io/file/imghub/bleach/14/4.jpg', 'https://cdn.mangahub.io/file/imghub/bleach/14/5.jpg', 'https://cdn.mangahub.io/file/imghub/bleach/14/6.jpg', 'https://cdn.mangahub.io/file/imghub/bleach/14/7.jpg', 'https://cdn.mangahub.io/file/imghub/bleach/14/8.jpg', 'https://cdn.mangahub.io/file/imghub/bleach/14/9.jpg', 'https://cdn.mangahub.io/file/imghub/bleach/14/10.jpg', 'https://cdn.mangahub.io/file/imghub/bleach/14/11.jpg', 'https://cdn.mangahub.io/file/imghub/bleach/14/12.jpg', 'https://cdn.mangahub.io/file/imghub/bleach/14/13.jpg', 'https://cdn.mangahub.io/file/imghub/bleach/14/14.jpg', 'https://cdn.mangahub.io/file/imghub/bleach/14/15.jpg', 'https://cdn.mangahub.io/file/imghub/bleach/14/16.jpg', 'https://cdn.mangahub.io/file/imghub/bleach/14/17.jpg', 'https://cdn.mangahub.io/file/imghub/bleach/14/18.jpg', 'https://cdn.mangahub.io/file/imghub/bleach/14/19.jpg', 'https://cdn.mangahub.io/file/imghub/bleach/14/20.jpg']"
0,15,"['https://cdn.mangahub.io/file/imghub/bleach/15/1.jpg', 'https://cdn.mangahub.io/file/imghub/bleach/15/2.jpg', 'https://cdn.mangahub.io/file/imghub/bleach/15/3.jpg', 'https://cdn.mangahub.io/file/imghub/bleach/15/4.jpg', 'https://cdn.mangahub.io/file/imghub/bleach/15/5.jpg', 'https://cdn.mangahub.io/file/imghub/bleach/15/6.jpg', 'https://cdn.mangahub.io/file/imghub/bleach/15/7.jpg', 'https://cdn.mangahub.io/file/imghub/bleach/15/8.jpg', 'https://cdn.mangahub.io/file/imghub/bleach/15/9.jpg', 'https://cdn.mangahub.io/file/imghub/bleach/15/10.jpg', 'https://cdn.mangahub.io/file/imghub/bleach/15/11.jpg', 'https://cdn.mangahub.io/file/imghub/bleach/15/12.jpg', 'https://cdn.mangahub.io/file/imghub/bleach/15/13.jpg', 'https://cdn.mangahub.io/file/imghub/bleach/15/14.jpg', 'https://cdn.mangahub.io/file/imghub/bleach/15/15.jpg', 'https://cdn.mangahub.io/file/imghub/bleach/15/16.jpg', 'https://cdn.mangahub.io/file/imghub/bleach/15/17.jpg', 'https://cdn.mangahub.io/file/imghub/bleach/15/18.jpg', 'https://cdn.mangahub.io/file/imghub/bleach/15/19.jpg', 'https://cdn.mangahub.io/file/imghub/bleach/15/20.jpg']"
0,16,"['https://cdn.mangahub.io/file/imghub/bleach/16/1.jpg', 'https://cdn.mangahub.io/file/imghub/bleach/16/2.jpg', 'https://cdn.mangahub.io/file/imghub/bleach/16/3.jpg', 'https://cdn.mangahub.io/file/imghub/bleach/16/4.jpg', 'https://cdn.mangahub.io/file/imghub/bleach/16/5.jpg', 'https://cdn.mangahub.io/file/imghub/bleach/16/6.jpg', 'https://cdn.mangahub.io/file/imghub/bleach/16/7.jpg', 'https://cdn.mangahub.io/file/imghub/bleach/16/8.jpg', 'https://cdn.mangahub.io/file/imghub/bleach/16/9.jpg', 'https://cdn.mangahub.io/file/imghub/bleach/16/10.jpg', 'https://cdn.mangahub.io/file/imghub/bleach/16/11.jpg', 'https://cdn.mangahub.io/file/imghub/bleach/16/12.jpg', 'https://cdn.mangahub.io/file/imghub/bleach/16/13.jpg', 'https://cdn.mangahub.io/file/imghub/bleach/16/14.jpg', 'https://cdn.mangahub.io/file/imghub/bleach/16/15.jpg', 'https://cdn.mangahub.io/file/imghub/bleach/16/16.jpg', 'https://cdn.mangahub.io/file/imghub/bleach/16/17.jpg', 'https://cdn.mangahub.io/file/imghub/bleach/16/18.jpg', 'https://cdn.mangahub.io/file/imghub/bleach/16/19.jpg', 'https://cdn.mangahub.io/file/imghub/bleach/16/20.jpg', 'https://cdn.mangahub.io/file/imghub/bleach/16/21.jpg', 'https://cdn.mangahub.io/file/imghub/bleach/16/22.jpg', 'https://cdn.mangahub.io/file/imghub/bleach/16/23.jpg', 'https://cdn.mangahub.io/file/imghub/bleach/16/24.jpg']"
0,17,"['https://cdn.mangahub.io/file/imghub/bleach/17/1.jpg', 'https://cdn.mangahub.io/file/imghub/bleach/17/2.jpg', 'https://cdn.mangahub.io/file/imghub/bleach/17/3.jpg', 'https://cdn.mangahub.io/file/imghub/bleach/17/4.jpg', 'https://cdn.mangahub.io/file/imghub/bleach/17/5.jpg', 'https://cdn.mangahub.io/file/imghub/bleach/17/6.jpg', 'https://cdn.mangahub.io/file/imghub/bleach/17/7.jpg', 'https://cdn.mangahub.io/file/imghub/bleach/17/8.jpg', 'https://cdn.mangahub.io/file/imghub/bleach/17/9.jpg', 'https://cdn.mangahub.io/file/imghub/bleach/17/10.jpg', 'https://cdn.mangahub.io/file/imghub/bleach/17/11.jpg', 'https://cdn.mangahub.io/file/imghub/bleach/17/12.jpg', 'https://cdn.mangahub.io/file/imghub/bleach/17/13.jpg', 'https://cdn.mangahub.io/file/imghub/bleach/17/14.jpg', 'https://cdn.mangahub.io/file/imghub/bleach/17/15.jpg', 'https://cdn.mangahub.io/file/imghub/bleach/17/16.jpg', 'https://cdn.mangahub.io/file/imghub/bleach/17/17.jpg', 'https://cdn.mangahub.io/file/imghub/bleach/17/18.jpg', 'https://cdn.mangahub.io/file/imghub/bleach/17/19.jpg', 'https://cdn.mangahub.io/file/imghub/bleach/17/20.jpg']"
0,18,"['https://cdn.mangahub.io/file/imghub/bleach/18/1.jpg', 'https://cdn.mangahub.io/file/imghub/bleach/18/2.jpg', 'https://cdn.mangahub.io/file/imghub/bleach/18/3.jpg', 'https://cdn.mangahub.io/file/imghub/bleach/18/4.jpg', 'https://cdn.mangahub.io/file/imghub/bleach/18/5.jpg', 'https://cdn.mangahub.io/file/imghub/bleach/18/6.jpg', 'https://cdn.mangahub.io/file/imghub/bleach/18/7.jpg', 'https://cdn.mangahub.io/file/imghub/bleach/18/8.jpg', 'https://cdn.mangahub.io/file/imghub/bleach/18/9.jpg', 'https://cdn.mangahub.io/file/imghub/bleach/18/10.jpg', 'https://cdn.mangahub.io/file/imghub/bleach/18/11.jpg', 'https://cdn.mangahub.io/file/imghub/bleach/18/12.jpg', 'https://cdn.mangahub.io/file/imghub/bleach/18/13.jpg', 'https://cdn.mangahub.io/file/imghub/bleach/18/14.jpg', 'https://cdn.mangahub.io/file/imghub/bleach/18/15.jpg', 'https://cdn.mangahub.io/file/imghub/bleach/18/16.jpg', 'https://cdn.mangahub.io/file/imghub/bleach/18/17.jpg', 'https://cdn.mangahub.io/file/imghub/bleach/18/18.jpg']"
0,19,"['https://cdn.mangahub.io/file/imghub/bleach/19/1.jpg', 'https://cdn.mangahub.io/file/imghub/bleach/19/2.jpg', 'https://cdn.mangahub.io/file/imghub/bleach/19/3.jpg', 'https://cdn.mangahub.io/file/imghub/bleach/19/4.jpg', 'https://cdn.mangahub.io/file/imghub/bleach/19/5.jpg', 'https://cdn.mangahub.io/file/imghub/bleach/19/6.jpg', 'https://cdn.mangahub.io/file/imghub/bleach/19/7.jpg', 'https://cdn.mangahub.io/file/imghub/bleach/19/8.jpg', 'https://cdn.mangahub.io/file/imghub/bleach/19/9.jpg', 'https://cdn.mangahub.io/file/imghub/bleach/19/10.jpg', 'https://cdn.mangahub.io/file/imghub/bleach/19/11.jpg', 'https://cdn.mangahub.io/file/imghub/bleach/19/12.jpg', 'https://cdn.mangahub.io/file/imghub/bleach/19/13.jpg', 'https://cdn.mangahub.io/file/imghub/bleach/19/14.jpg', 'https://cdn.mangahub.io/file/imghub/bleach/19/15.jpg', 'https://cdn.mangahub.io/file/imghub/bleach/19/16.jpg', 'https://cdn.mangahub.io/file/imghub/bleach/19/17.jpg', 'https://cdn.mangahub.io/file/imghub/bleach/19/18.jpg', 'https://cdn.mangahub.io/file/imghub/bleach/19/19.jpg']"
0,20,"['https://cdn.mangahub.io/file/imghub/bleach/20/1.jpg', 'https://cdn.mangahub.io/file/imghub/bleach/20/2.jpg', 'https://cdn.mangahub.io/file/imghub/bleach/20/3.jpg', 'https://cdn.mangahub.io/file/imghub/bleach/20/4.jpg', 'https://cdn.mangahub.io/file/imghub/bleach/20/5.jpg', 'https://cdn.mangahub.io/file/imghub/bleach/20/6.jpg', 'https://cdn.mangahub.io/file/imghub/bleach/20/7.jpg', 'https://cdn.mangahub.io/file/imghub/bleach/20/8.jpg', 'https://cdn.mangahub.io/file/imghub/bleach/20/9.jpg', 'https://cdn.mangahub.io/file/imghub/bleach/20/10.jpg', 'https://cdn.mangahub.io/file/imghub/bleach/20/11.jpg', 'https://cdn.mangahub.io/file/imghub/bleach/20/12.jpg', 'https://cdn.mangahub.io/file/imghub/bleach/20/13.jpg', 'https://cdn.mangahub.io/file/imghub/bleach/20/14.jpg', 'https://cdn.mangahub.io/file/imghub/bleach/20/15.jpg', 'https://cdn.mangahub.io/file/imghub/bleach/20/16.jpg', 'https://cdn.mangahub.io/file/imghub/bleach/20/17.jpg', 'https://cdn.mangahub.io/file/imghub/bleach/20/18.jpg', 'https://cdn.mangahub.io/file/imghub/bleach/20/19.jpg', 'https://cdn.mangahub.io/file/imghub/bleach/20/20.jpg', 'https://cdn.mangahub.io/file/imghub/bleach/20/21.jpg', 'https://cdn.mangahub.io/file/imghub/bleach/20/22.jpg', 'https://cdn.mangahub.io/file/imghub/bleach/20/23.jpg']"
0,21,"['https://cdn.mangahub.io/file/imghub/bleach/21/1.jpg', 'https://cdn.mangahub.io/file/imghub/bleach/21/2.jpg', 'https://cdn.mangahub.io/file/imghub/bleach/21/3.jpg', 'https://cdn.mangahub.io/file/imghub/bleach/21/4.jpg', 'https://cdn.mangahub.io/file/imghub/bleach/21/5.jpg', 'https://cdn.mangahub.io/file/imghub/bleach/21/6.jpg', 'https://cdn.mangahub.io/file/imghub/bleach/21/7.jpg', 'https://cdn.mangahub.io/file/imghub/bleach/21/8.jpg', 'https://cdn.mangahub.io/file/imghub/bleach/21/9.jpg', 'https://cdn.mangahub.io/file/imghub/bleach/21/10.jpg', 'https://cdn.mangahub.io/file/imghub/bleach/21/11.jpg', 'https://cdn.mangahub.io/file/imghub/bleach/21/12.jpg', 'https://cdn.mangahub.io/file/imghub/bleach/21/13.jpg', 'https://cdn.mangahub.io/file/imghub/bleach/21/14.jpg', 'https://cdn.mangahub.io/file/imghub/bleach/21/15.jpg', 'https://cdn.mangahub.io/file/imghub/bleach/21/16.jpg', 'https://cdn.mangahub.io/file/imghub/bleach/21/17.jpg', 'https://cdn.mangahub.io/file/imghub/bleach/21/18.jpg', 'https://cdn.mangahub.io/file/imghub/bleach/21/19.jpg', 'https://cdn.mangahub.io/file/imghub/bleach/21/20.jpg']"
0,22,"['https://cdn.mangahub.io/file/imghub/bleach/22/1.jpg', 'https://cdn.mangahub.io/file/imghub/bleach/22/2.jpg', 'https://cdn.mangahub.io/file/imghub/bleach/22/3.jpg', 'https://cdn.mangahub.io/file/imghub/bleach/22/4.jpg', 'https://cdn.mangahub.io/file/imghub/bleach/22/5.jpg', 'https://cdn.mangahub.io/file/imghub/bleach/22/6.jpg', 'https://cdn.mangahub.io/file/imghub/bleach/22/7.jpg', 'https://cdn.mangahub.io/file/imghub/bleach/22/8.jpg', 'https://cdn.mangahub.io/file/imghub/bleach/22/9.jpg', 'https://cdn.mangahub.io/file/imghub/bleach/22/10.jpg', 'https://cdn.mangahub.io/file/imghub/bleach/22/11.jpg', 'https://cdn.mangahub.io/file/imghub/bleach/22/12.jpg', 'https://cdn.mangahub.io/file/imghub/bleach/22/13.jpg', 'https://cdn.mangahub.io/file/imghub/bleach/22/14.jpg', 'https://cdn.mangahub.io/file/imghub/bleach/22/15.jpg', 'https://cdn.mangahub.io/file/imghub/bleach/22/16.jpg', 'https://cdn.mangahub.io/file/imghub/bleach/22/17.jpg', 'https://cdn.mangahub.io/file/imghub/bleach/22/18.jpg', 'https://cdn.mangahub.io/file/imghub/bleach/22/19.jpg', 'https://cdn.mangahub.io/file/imghub/bleach/22/20.jpg']"
0,23,"['https://cdn.mangahub.io/file/imghub/bleach/23/1.jpg', 'https://cdn.mangahub.io/file/imghub/bleach/23/2.jpg', 'https://cdn.mangahub.io/file/imghub/bleach/23/3.jpg', 'https://cdn.mangahub.io/file/imghub/bleach/23/4.jpg', 'https://cdn.mangahub.io/file/imghub/bleach/23/5.jpg', 'https://cdn.mangahub.io/file/imghub/bleach/23/6.jpg', 'https://cdn.mangahub.io/file/imghub/bleach/23/7.jpg', 'https://cdn.mangahub.io/file/imghub/bleach/23/8.jpg', 'https://cdn.mangahub.io/file/imghub/bleach/23/9.jpg', 'https://cdn.mangahub.io/file/imghub/bleach/23/10.jpg', 'https://cdn.mangahub.io/file/imghub/bleach/23/11.jpg', 'https://cdn.mangahub.io/file/imghub/bleach/23/12.jpg', 'https://cdn.mangahub.io/file/imghub/bleach/23/13.jpg', 'https://cdn.mangahub.io/file/imghub/bleach/23/14.jpg', 'https://cdn.mangahub.io/file/imghub/bleach/23/15.jpg', 'https://cdn.mangahub.io/file/imghub/bleach/23/16.jpg', 'https://cdn.mangahub.io/file/imghub/bleach/23/17.jpg', 'https://cdn.mangahub.io/file/imghub/bleach/23/18.jpg', 'https://cdn.mangahub.io/file/imghub/bleach/23/19.jpg']"
0,24,"['https://cdn.mangahub.io/file/imghub/bleach/24/1.jpg', 'https://cdn.mangahub.io/file/imghub/bleach/24/2.jpg', 'https://cdn.mangahub.io/file/imghub/bleach/24/3.jpg', 'https://cdn.mangahub.io/file/imghub/bleach/24/4.jpg', 'https://cdn.mangahub.io/file/imghub/bleach/24/5.jpg', 'https://cdn.mangahub.io/file/imghub/bleach/24/6.jpg', 'https://cdn.mangahub.io/file/imghub/bleach/24/7.jpg', 'https://cdn.mangahub.io/file/imghub/bleach/24/8.jpg', 'https://cdn.mangahub.io/file/imghub/bleach/24/9.jpg', 'https://cdn.mangahub.io/file/imghub/bleach/24/10.jpg', 'https://cdn.mangahub.io/file/imghub/bleach/24/11.jpg', 'https://cdn.mangahub.io/file/imghub/bleach/24/12.jpg', 'https://cdn.mangahub.io/file/imghub/bleach/24/13.jpg', 'https://cdn.mangahub.io/file/imghub/bleach/24/14.jpg', 'https://cdn.mangahub.io/file/imghub/bleach/24/15.jpg', 'https://cdn.mangahub.io/file/imghub/bleach/24/16.jpg', 'https://cdn.mangahub.io/file/imghub/bleach/24/17.jpg', 'https://cdn.mangahub.io/file/imghub/bleach/24/18.jpg', 'https://cdn.mangahub.io/file/imghub/bleach/24/19.jpg', 'https://cdn.mangahub.io/file/imghub/bleach/24/20.jpg']"
0,25,"['https://cdn.mangahub.io/file/imghub/bleach/25/1.jpg', 'https://cdn.mangahub.io/file/imghub/bleach/25/2.jpg', 'https://cdn.mangahub.io/file/imghub/bleach/25/3.jpg', 'https://cdn.mangahub.io/file/imghub/bleach/25/4.jpg', 'https://cdn.mangahub.io/file/imghub/bleach/25/5.jpg', 'https://cdn.mangahub.io/file/imghub/bleach/25/6.jpg', 'https://cdn.mangahub.io/file/imghub/bleach/25/7.jpg', 'https://cdn.mangahub.io/file/imghub/bleach/25/8.jpg', 'https://cdn.mangahub.io/file/imghub/bleach/25/9.jpg', 'https://cdn.mangahub.io/file/imghub/bleach/25/10.jpg', 'https://cdn.mangahub.io/file/imghub/bleach/25/11.jpg', 'https://cdn.mangahub.io/file/imghub/bleach/25/12.jpg', 'https://cdn.mangahub.io/file/imghub/bleach/25/13.jpg', 'https://cdn.mangahub.io/file/imghub/bleach/25/14.jpg', 'https://cdn.mangahub.io/file/imghub/bleach/25/15.jpg', 'https://cdn.mangahub.io/file/imghub/bleach/25/16.jpg', 'https://cdn.mangahub.io/file/imghub/bleach/25/17.jpg', 'https://cdn.mangahub.io/file/imghub/bleach/25/18.jpg', 'https://cdn.mangahub.io/file/imghub/bleach/25/19.jpg', 'https://cdn.mangahub.io/file/imghub/bleach/25/20.jpg', 'https://cdn.mangahub.io/file/imghub/bleach/25/21.jpg']"
0,26,"['https://cdn.mangahub.io/file/imghub/bleach/26/1.jpg', 'https://cdn.mangahub.io/file/imghub/bleach/26/2.jpg', 'https://cdn.mangahub.io/file/imghub/bleach/26/3.jpg', 'https://cdn.mangahub.io/file/imghub/bleach/26/4.jpg', 'https://cdn.mangahub.io/file/imghub/bleach/26/5.jpg', 'https://cdn.mangahub.io/file/imghub/bleach/26/6.jpg', 'https://cdn.mangahub.io/file/imghub/bleach/26/7.jpg', 'https://cdn.mangahub.io/file/imghub/bleach/26/8.jpg', 'https://cdn.mangahub.io/file/imghub/bleach/26/9.jpg', 'https://cdn.mangahub.io/file/imghub/bleach/26/10.jpg', 'https://cdn.mangahub.io/file/imghub/bleach/26/11.jpg', 'https://cdn.mangahub.io/file/imghub/bleach/26/12.jpg', 'https://cdn.mangahub.io/file/imghub/bleach/26/13.jpg', 'https://cdn.mangahub.io/file/imghub/bleach/26/14.jpg', 'https://cdn.mangahub.io/file/imghub/bleach/26/15.jpg', 'https://cdn.mangahub.io/file/imghub/bleach/26/16.jpg', 'https://cdn.mangahub.io/file/imghub/bleach/26/17.jpg', 'https://cdn.mangahub.io/file/imghub/bleach/26/18.jpg', 'https://cdn.mangahub.io/file/imghub/bleach/26/19.jpg']"
0,27,"['https://cdn.mangahub.io/file/imghub/bleach/27/1.jpg', 'https://cdn.mangahub.io/file/imghub/bleach/27/2.jpg', 'https://cdn.mangahub.io/file/imghub/bleach/27/3.jpg', 'https://cdn.mangahub.io/file/imghub/bleach/27/4.jpg', 'https://cdn.mangahub.io/file/imghub/bleach/27/5.jpg', 'https://cdn.mangahub.io/file/imghub/bleach/27/6.jpg', 'https://cdn.mangahub.io/file/imghub/bleach/27/7.jpg', 'https://cdn.mangahub.io/file/imghub/bleach/27/8.jpg', 'https://cdn.mangahub.io/file/imghub/bleach/27/9.jpg', 'https://cdn.mangahub.io/file/imghub/bleach/27/10.jpg', 'https://cdn.mangahub.io/file/imghub/bleach/27/11.jpg', 'https://cdn.mangahub.io/file/imghub/bleach/27/12.jpg', 'https://cdn.mangahub.io/file/imghub/bleach/27/13.jpg', 'https://cdn.mangahub.io/file/imghub/bleach/27/14.jpg', 'https://cdn.mangahub.io/file/imghub/bleach/27/15.jpg', 'https://cdn.mangahub.io/file/imghub/bleach/27/16.jpg', 'https://cdn.mangahub.io/file/imghub/bleach/27/17.jpg', 'https://cdn.mangahub.io/file/imghub/bleach/27/18.jpg', 'https://cdn.mangahub.io/file/imghub/bleach/27/19.jpg', 'https://cdn.mangahub.io/file/imghub/bleach/27/20.jpg']"
0,28,"['https://cdn.mangahub.io/file/imghub/bleach/28/1.jpg', 'https://cdn.mangahub.io/file/imghub/bleach/28/2.jpg', 'https://cdn.mangahub.io/file/imghub/bleach/28/3.jpg', 'https://cdn.mangahub.io/file/imghub/bleach/28/4.jpg', 'https://cdn.mangahub.io/file/imghub/bleach/28/5.jpg', 'https://cdn.mangahub.io/file/imghub/bleach/28/6.jpg', 'https://cdn.mangahub.io/file/imghub/bleach/28/7.jpg', 'https://cdn.mangahub.io/file/imghub/bleach/28/8.jpg', 'https://cdn.mangahub.io/file/imghub/bleach/28/9.jpg', 'https://cdn.mangahub.io/file/imghub/bleach/28/10.jpg', 'https://cdn.mangahub.io/file/imghub/bleach/28/11.jpg', 'https://cdn.mangahub.io/file/imghub/bleach/28/12.jpg', 'https://cdn.mangahub.io/file/imghub/bleach/28/13.jpg', 'https://cdn.mangahub.io/file/imghub/bleach/28/14.jpg', 'https://cdn.mangahub.io/file/imghub/bleach/28/15.jpg', 'https://cdn.mangahub.io/file/imghub/bleach/28/16.jpg', 'https://cdn.mangahub.io/file/imghub/bleach/28/17.jpg', 'https://cdn.mangahub.io/file/imghub/bleach/28/18.jpg', 'https://cdn.mangahub.io/file/imghub/bleach/28/19.jpg', 'https://cdn.mangahub.io/file/imghub/bleach/28/20.jpg']"
0,29,"['https://cdn.mangahub.io/file/imghub/bleach/29/1.jpg', 'https://cdn.mangahub.io/file/imghub/bleach/29/2.jpg', 'https://cdn.mangahub.io/file/imghub/bleach/29/3.jpg', 'https://cdn.mangahub.io/file/imghub/bleach/29/4.jpg', 'https://cdn.mangahub.io/file/imghub/bleach/29/5.jpg', 'https://cdn.mangahub.io/file/imghub/bleach/29/6.jpg', 'https://cdn.mangahub.io/file/imghub/bleach/29/7.jpg', 'https://cdn.mangahub.io/file/imghub/bleach/29/8.jpg', 'https://cdn.mangahub.io/file/imghub/bleach/29/9.jpg', 'https://cdn.mangahub.io/file/imghub/bleach/29/10.jpg', 'https://cdn.mangahub.io/file/imghub/bleach/29/11.jpg', 'https://cdn.mangahub.io/file/imghub/bleach/29/12.jpg', 'https://cdn.mangahub.io/file/imghub/bleach/29/13.jpg', 'https://cdn.mangahub.io/file/imghub/bleach/29/14.jpg', 'https://cdn.mangahub.io/file/imghub/bleach/29/15.jpg', 'https://cdn.mangahub.io/file/imghub/bleach/29/16.jpg', 'https://cdn.mangahub.io/file/imghub/bleach/29/17.jpg', 'https://cdn.mangahub.io/file/imghub/bleach/29/18.jpg', 'https://cdn.mangahub.io/file/imghub/bleach/29/19.jpg']"
0,30,"['https://cdn.mangahub.io/file/imghub/bleach/30/1.jpg', 'https://cdn.mangahub.io/file/imghub/bleach/30/2.jpg', 'https://cdn.mangahub.io/file/imghub/bleach/30/3.jpg', 'https://cdn.mangahub.io/file/imghub/bleach/30/4.jpg', 'https://cdn.mangahub.io/file/imghub/bleach/30/5.jpg', 'https://cdn.mangahub.io/file/imghub/bleach/30/6.jpg', 'https://cdn.mangahub.io/file/imghub/bleach/30/7.jpg', 'https://cdn.mangahub.io/file/imghub/bleach/30/8.jpg', 'https://cdn.mangahub.io/file/imghub/bleach/30/9.jpg', 'https://cdn.mangahub.io/file/imghub/bleach/30/10.jpg', 'https://cdn.mangahub.io/file/imghub/bleach/30/11.jpg', 'https://cdn.mangahub.io/file/imghub/bleach/30/12.jpg', 'https://cdn.mangahub.io/file/imghub/bleach/30/13.jpg', 'https://cdn.mangahub.io/file/imghub/bleach/30/14.jpg', 'https://cdn.mangahub.io/file/imghub/bleach/30/15.jpg', 'https://cdn.mangahub.io/file/imghub/bleach/30/16.jpg', 'https://cdn.mangahub.io/file/imghub/bleach/30/17.jpg', 'https://cdn.mangahub.io/file/imghub/bleach/30/18.jpg', 'https://cdn.mangahub.io/file/imghub/bleach/30/19.jpg']"
0,31,"['https://cdn.mangahub.io/file/imghub/bleach/31/1.jpg', 'https://cdn.mangahub.io/file/imghub/bleach/31/2.jpg', 'https://cdn.mangahub.io/file/imghub/bleach/31/3.jpg', 'https://cdn.mangahub.io/file/imghub/bleach/31/4.jpg', 'https://cdn.mangahub.io/file/imghub/bleach/31/5.jpg', 'https://cdn.mangahub.io/file/imghub/bleach/31/6.jpg', 'https://cdn.mangahub.io/file/imghub/bleach/31/7.jpg', 'https://cdn.mangahub.io/file/imghub/bleach/31/8.jpg', 'https://cdn.mangahub.io/file/imghub/bleach/31/9.jpg', 'https://cdn.mangahub.io/file/imghub/bleach/31/10.jpg', 'https://cdn.mangahub.io/file/imghub/bleach/31/11.jpg', 'https://cdn.mangahub.io/file/imghub/bleach/31/12.jpg', 'https://cdn.mangahub.io/file/imghub/bleach/31/13.jpg', 'https://cdn.mangahub.io/file/imghub/bleach/31/14.jpg', 'https://cdn.mangahub.io/file/imghub/bleach/31/15.jpg', 'https://cdn.mangahub.io/file/imghub/bleach/31/16.jpg', 'https://cdn.mangahub.io/file/imghub/bleach/31/17.jpg', 'https://cdn.mangahub.io/file/imghub/bleach/31/18.jpg', 'https://cdn.mangahub.io/file/imghub/bleach/31/19.jpg']"
0,32,"['https://cdn.mangahub.io/file/imghub/bleach/32/1.jpg', 'https://cdn.mangahub.io/file/imghub/bleach/32/2.jpg', 'https://cdn.mangahub.io/file/imghub/bleach/32/3.jpg', 'https://cdn.mangahub.io/file/imghub/bleach/32/4.jpg', 'https://cdn.mangahub.io/file/imghub/bleach/32/5.jpg', 'https://cdn.mangahub.io/file/imghub/bleach/32/6.jpg', 'https://cdn.mangahub.io/file/imghub/bleach/32/7.jpg', 'https://cdn.mangahub.io/file/imghub/bleach/32/8.jpg', 'https://cdn.mangahub.io/file/imghub/bleach/32/9.jpg', 'https://cdn.mangahub.io/file/imghub/bleach/32/10.jpg', 'https://cdn.mangahub.io/file/imghub/bleach/32/11.jpg', 'https://cdn.mangahub.io/file/imghub/bleach/32/12.jpg', 'https://cdn.mangahub.io/file/imghub/bleach/32/13.jpg', 'https://cdn.mangahub.io/file/imghub/bleach/32/14.jpg', 'https://cdn.mangahub.io/file/imghub/bleach/32/15.jpg', 'https://cdn.mangahub.io/file/imghub/bleach/32/16.jpg', 'https://cdn.mangahub.io/file/imghub/bleach/32/17.jpg', 'https://cdn.mangahub.io/file/imghub/bleach/32/18.jpg', 'https://cdn.mangahub.io/file/imghub/bleach/32/19.jpg', 'https://cdn.mangahub.io/file/imghub/bleach/32/20.jpg', 'https://cdn.mangahub.io/file/imghub/bleach/32/21.jpg', 'https://cdn.mangahub.io/file/imghub/bleach/32/22.jpg']"
0,33,"['https://cdn.mangahub.io/file/imghub/bleach/33/1.jpg', 'https://cdn.mangahub.io/file/imghub/bleach/33/2.jpg', 'https://cdn.mangahub.io/file/imghub/bleach/33/3.jpg', 'https://cdn.mangahub.io/file/imghub/bleach/33/4.jpg', 'https://cdn.mangahub.io/file/imghub/bleach/33/5.jpg', 'https://cdn.mangahub.io/file/imghub/bleach/33/6.jpg', 'https://cdn.mangahub.io/file/imghub/bleach/33/7.jpg', 'https://cdn.mangahub.io/file/imghub/bleach/33/8.jpg', 'https://cdn.mangahub.io/file/imghub/bleach/33/9.jpg', 'https://cdn.mangahub.io/file/imghub/bleach/33/10.jpg', 'https://cdn.mangahub.io/file/imghub/bleach/33/11.jpg', 'https://cdn.mangahub.io/file/imghub/bleach/33/12.jpg', 'https://cdn.mangahub.io/file/imghub/bleach/33/13.jpg', 'https://cdn.mangahub.io/file/imghub/bleach/33/14.jpg', 'https://cdn.mangahub.io/file/imghub/bleach/33/15.jpg', 'https://cdn.mangahub.io/file/imghub/bleach/33/16.jpg', 'https://cdn.mangahub.io/file/imghub/bleach/33/17.jpg', 'https://cdn.mangahub.io/file/imghub/bleach/33/18.jpg', 'https://cdn.mangahub.io/file/imghub/bleach/33/19.jpg', 'https://cdn.mangahub.io/file/imghub/bleach/33/20.jpg']"
0,34,"['https://cdn.mangahub.io/file/imghub/bleach/34/1.jpg', 'https://cdn.mangahub.io/file/imghub/bleach/34/2.jpg', 'https://cdn.mangahub.io/file/imghub/bleach/34/3.jpg', 'https://cdn.mangahub.io/file/imghub/bleach/34/4.jpg', 'https://cdn.mangahub.io/file/imghub/bleach/34/5.jpg', 'https://cdn.mangahub.io/file/imghub/bleach/34/6.jpg', 'https://cdn.mangahub.io/file/imghub/bleach/34/7.jpg', 'https://cdn.mangahub.io/file/imghub/bleach/34/8.jpg', 'https://cdn.mangahub.io/file/imghub/bleach/34/9.jpg', 'https://cdn.mangahub.io/file/imghub/bleach/34/10.jpg', 'https://cdn.mangahub.io/file/imghub/bleach/34/11.jpg', 'https://cdn.mangahub.io/file/imghub/bleach/34/12.jpg', 'https://cdn.mangahub.io/file/imghub/bleach/34/13.jpg', 'https://cdn.mangahub.io/file/imghub/bleach/34/14.jpg', 'https://cdn.mangahub.io/file/imghub/bleach/34/15.jpg', 'https://cdn.mangahub.io/file/imghub/bleach/34/16.jpg', 'https://cdn.mangahub.io/file/imghub/bleach/34/17.jpg', 'https://cdn.mangahub.io/file/imghub/bleach/34/18.jpg', 'https://cdn.mangahub.io/file/imghub/bleach/34/19.jpg', 'https://cdn.mangahub.io/file/imghub/bleach/34/20.jpg', 'https://cdn.mangahub.io/file/imghub/bleach/34/21.jpg', 'https://cdn.mangahub.io/file/imghub/bleach/34/22.jpg', 'https://cdn.mangahub.io/file/imghub/bleach/34/23.jpg']"
0,35,"['https://cdn.mangahub.io/file/imghub/bleach/35/1.jpg', 'https://cdn.mangahub.io/file/imghub/bleach/35/2.jpg', 'https://cdn.mangahub.io/file/imghub/bleach/35/3.jpg', 'https://cdn.mangahub.io/file/imghub/bleach/35/4.jpg', 'https://cdn.mangahub.io/file/imghub/bleach/35/5.jpg', 'https://cdn.mangahub.io/file/imghub/bleach/35/6.jpg', 'https://cdn.mangahub.io/file/imghub/bleach/35/7.jpg', 'https://cdn.mangahub.io/file/imghub/bleach/35/8.jpg', 'https://cdn.mangahub.io/file/imghub/bleach/35/9.jpg', 'https://cdn.mangahub.io/file/imghub/bleach/35/10.jpg', 'https://cdn.mangahub.io/file/imghub/bleach/35/11.jpg', 'https://cdn.mangahub.io/file/imghub/bleach/35/12.jpg', 'https://cdn.mangahub.io/file/imghub/bleach/35/13.jpg', 'https://cdn.mangahub.io/file/imghub/bleach/35/14.jpg', 'https://cdn.mangahub.io/file/imghub/bleach/35/15.jpg', 'https://cdn.mangahub.io/file/imghub/bleach/35/16.jpg', 'https://cdn.mangahub.io/file/imghub/bleach/35/17.jpg', 'https://cdn.mangahub.io/file/imghub/bleach/35/18.jpg', 'https://cdn.mangahub.io/file/imghub/bleach/35/19.jpg', 'https://cdn.mangahub.io/file/imghub/bleach/35/20.jpg', 'https://cdn.mangahub.io/file/imghub/bleach/35/21.jpg', 'https://cdn.mangahub.io/file/imghub/bleach/35/22.jpg']"
0,36,"['https://cdn.mangahub.io/file/imghub/bleach/36/1.jpg', 'https://cdn.mangahub.io/file/imghub/bleach/36/2.jpg', 'https://cdn.mangahub.io/file/imghub/bleach/36/3.jpg', 'https://cdn.mangahub.io/file/imghub/bleach/36/4.jpg', 'https://cdn.mangahub.io/file/imghub/bleach/36/5.jpg', 'https://cdn.mangahub.io/file/imghub/bleach/36/6.jpg', 'https://cdn.mangahub.io/file/imghub/bleach/36/7.jpg', 'https://cdn.mangahub.io/file/imghub/bleach/36/8.jpg', 'https://cdn.mangahub.io/file/imghub/bleach/36/9.jpg', 'https://cdn.mangahub.io/file/imghub/bleach/36/10.jpg', 'https://cdn.mangahub.io/file/imghub/bleach/36/11.jpg', 'https://cdn.mangahub.io/file/imghub/bleach/36/12.jpg', 'https://cdn.mangahub.io/file/imghub/bleach/36/13.jpg', 'https://cdn.mangahub.io/file/imghub/bleach/36/14.jpg', 'https://cdn.mangahub.io/file/imghub/bleach/36/15.jpg', 'https://cdn.mangahub.io/file/imghub/bleach/36/16.jpg', 'https://cdn.mangahub.io/file/imghub/bleach/36/17.jpg', 'https://cdn.mangahub.io/file/imghub/bleach/36/18.jpg', 'https://cdn.mangahub.io/file/imghub/bleach/36/19.jpg', 'https://cdn.mangahub.io/file/imghub/bleach/36/20.jpg']"
0,37,"['https://cdn.mangahub.io/file/imghub/bleach/37/1.jpg', 'https://cdn.mangahub.io/file/imghub/bleach/37/2.jpg', 'https://cdn.mangahub.io/file/imghub/bleach/37/3.jpg', 'https://cdn.mangahub.io/file/imghub/bleach/37/4.jpg', 'https://cdn.mangahub.io/file/imghub/bleach/37/5.jpg', 'https://cdn.mangahub.io/file/imghub/bleach/37/6.jpg', 'https://cdn.mangahub.io/file/imghub/bleach/37/7.jpg', 'https://cdn.mangahub.io/file/imghub/bleach/37/8.jpg', 'https://cdn.mangahub.io/file/imghub/bleach/37/9.jpg', 'https://cdn.mangahub.io/file/imghub/bleach/37/10.jpg', 'https://cdn.mangahub.io/file/imghub/bleach/37/11.jpg', 'https://cdn.mangahub.io/file/imghub/bleach/37/12.jpg', 'https://cdn.mangahub.io/file/imghub/bleach/37/13.jpg', 'https://cdn.mangahub.io/file/imghub/bleach/37/14.jpg', 'https://cdn.mangahub.io/file/imghub/bleach/37/15.jpg', 'https://cdn.mangahub.io/file/imghub/bleach/37/16.jpg', 'https://cdn.mangahub.io/file/imghub/bleach/37/17.jpg', 'https://cdn.mangahub.io/file/imghub/bleach/37/18.jpg', 'https://cdn.mangahub.io/file/imghub/bleach/37/19.jpg', 'https://cdn.mangahub.io/file/imghub/bleach/37/20.jpg']"
0,38,"['https://cdn.mangahub.io/file/imghub/bleach/38/1.jpg', 'https://cdn.mangahub.io/file/imghub/bleach/38/2.jpg', 'https://cdn.mangahub.io/file/imghub/bleach/38/3.jpg', 'https://cdn.mangahub.io/file/imghub/bleach/38/4.jpg', 'https://cdn.mangahub.io/file/imghub/bleach/38/5.jpg', 'https://cdn.mangahub.io/file/imghub/bleach/38/6.jpg', 'https://cdn.mangahub.io/file/imghub/bleach/38/7.jpg', 'https://cdn.mangahub.io/file/imghub/bleach/38/8.jpg', 'https://cdn.mangahub.io/file/imghub/bleach/38/9.jpg', 'https://cdn.mangahub.io/file/imghub/bleach/38/10.jpg', 'https://cdn.mangahub.io/file/imghub/bleach/38/11.jpg', 'https://cdn.mangahub.io/file/imghub/bleach/38/12.jpg', 'https://cdn.mangahub.io/file/imghub/bleach/38/13.jpg', 'https://cdn.mangahub.io/file/imghub/bleach/38/14.jpg', 'https://cdn.mangahub.io/file/imghub/bleach/38/15.jpg', 'https://cdn.mangahub.io/file/imghub/bleach/38/16.jpg', 'https://cdn.mangahub.io/file/imghub/bleach/38/17.jpg', 'https://cdn.mangahub.io/file/imghub/bleach/38/18.jpg', 'https://cdn.mangahub.io/file/imghub/bleach/38/19.jpg', 'https://cdn.mangahub.io/file/imghub/bleach/38/20.jpg']"
0,39,"['https://cdn.mangahub.io/file/imghub/bleach/39/1.jpg', 'https://cdn.mangahub.io/file/imghub/bleach/39/2.jpg', 'https://cdn.mangahub.io/file/imghub/bleach/39/3.jpg', 'https://cdn.mangahub.io/file/imghub/bleach/39/4.jpg', 'https://cdn.mangahub.io/file/imghub/bleach/39/5.jpg', 'https://cdn.mangahub.io/file/imghub/bleach/39/6.jpg', 'https://cdn.mangahub.io/file/imghub/bleach/39/7.jpg', 'https://cdn.mangahub.io/file/imghub/bleach/39/8.jpg', 'https://cdn.mangahub.io/file/imghub/bleach/39/9.jpg', 'https://cdn.mangahub.io/file/imghub/bleach/39/10.jpg', 'https://cdn.mangahub.io/file/imghub/bleach/39/11.jpg', 'https://cdn.mangahub.io/file/imghub/bleach/39/12.jpg', 'https://cdn.mangahub.io/file/imghub/bleach/39/13.jpg', 'https://cdn.mangahub.io/file/imghub/bleach/39/14.jpg', 'https://cdn.mangahub.io/file/imghub/bleach/39/15.jpg', 'https://cdn.mangahub.io/file/imghub/bleach/39/16.jpg', 'https://cdn.mangahub.io/file/imghub/bleach/39/17.jpg', 'https://cdn.mangahub.io/file/imghub/bleach/39/18.jpg', 'https://cdn.mangahub.io/file/imghub/bleach/39/19.jpg', 'https://cdn.mangahub.io/file/imghub/bleach/39/20.jpg']"
0,40,"['https://cdn.mangahub.io/file/imghub/bleach/40/1.jpg', 'https://cdn.mangahub.io/file/imghub/bleach/40/2.jpg', 'https://cdn.mangahub.io/file/imghub/bleach/40/3.jpg', 'https://cdn.mangahub.io/file/imghub/bleach/40/4.jpg', 'https://cdn.mangahub.io/file/imghub/bleach/40/5.jpg', 'https://cdn.mangahub.io/file/imghub/bleach/40/6.jpg', 'https://cdn.mangahub.io/file/imghub/bleach/40/7.jpg', 'https://cdn.mangahub.io/file/imghub/bleach/40/8.jpg', 'https://cdn.mangahub.io/file/imghub/bleach/40/9.jpg', 'https://cdn.mangahub.io/file/imghub/bleach/40/10.jpg', 'https://cdn.mangahub.io/file/imghub/bleach/40/11.jpg', 'https://cdn.mangahub.io/file/imghub/bleach/40/12.jpg', 'https://cdn.mangahub.io/file/imghub/bleach/40/13.jpg', 'https://cdn.mangahub.io/file/imghub/bleach/40/14.jpg', 'https://cdn.mangahub.io/file/imghub/bleach/40/15.jpg', 'https://cdn.mangahub.io/file/imghub/bleach/40/16.jpg', 'https://cdn.mangahub.io/file/imghub/bleach/40/17.jpg', 'https://cdn.mangahub.io/file/imghub/bleach/40/18.jpg', 'https://cdn.mangahub.io/file/imghub/bleach/40/19.jpg']"
0,41,"['https://cdn.mangahub.io/file/imghub/bleach/41/1.jpg', 'https://cdn.mangahub.io/file/imghub/bleach/41/2.jpg', 'https://cdn.mangahub.io/file/imghub/bleach/41/3.jpg', 'https://cdn.mangahub.io/file/imghub/bleach/41/4.jpg', 'https://cdn.mangahub.io/file/imghub/bleach/41/5.jpg', 'https://cdn.mangahub.io/file/imghub/bleach/41/6.jpg', 'https://cdn.mangahub.io/file/imghub/bleach/41/7.jpg', 'https://cdn.mangahub.io/file/imghub/bleach/41/8.jpg', 'https://cdn.mangahub.io/file/imghub/bleach/41/9.jpg', 'https://cdn.mangahub.io/file/imghub/bleach/41/10.jpg', 'https://cdn.mangahub.io/file/imghub/bleach/41/11.jpg', 'https://cdn.mangahub.io/file/imghub/bleach/41/12.jpg', 'https://cdn.mangahub.io/file/imghub/bleach/41/13.jpg', 'https://cdn.mangahub.io/file/imghub/bleach/41/14.jpg', 'https://cdn.mangahub.io/file/imghub/bleach/41/15.jpg', 'https://cdn.mangahub.io/file/imghub/bleach/41/16.jpg', 'https://cdn.mangahub.io/file/imghub/bleach/41/17.jpg', 'https://cdn.mangahub.io/file/imghub/bleach/41/18.jpg', 'https://cdn.mangahub.io/file/imghub/bleach/41/19.jpg']"
0,42,"['https://cdn.mangahub.io/file/imghub/bleach/42/1.jpg', 'https://cdn.mangahub.io/file/imghub/bleach/42/2.jpg', 'https://cdn.mangahub.io/file/imghub/bleach/42/3.jpg', 'https://cdn.mangahub.io/file/imghub/bleach/42/4.jpg', 'https://cdn.mangahub.io/file/imghub/bleach/42/5.jpg', 'https://cdn.mangahub.io/file/imghub/bleach/42/6.jpg', 'https://cdn.mangahub.io/file/imghub/bleach/42/7.jpg', 'https://cdn.mangahub.io/file/imghub/bleach/42/8.jpg', 'https://cdn.mangahub.io/file/imghub/bleach/42/9.jpg', 'https://cdn.mangahub.io/file/imghub/bleach/42/10.jpg', 'https://cdn.mangahub.io/file/imghub/bleach/42/11.jpg', 'https://cdn.mangahub.io/file/imghub/bleach/42/12.jpg', 'https://cdn.mangahub.io/file/imghub/bleach/42/13.jpg', 'https://cdn.mangahub.io/file/imghub/bleach/42/14.jpg', 'https://cdn.mangahub.io/file/imghub/bleach/42/15.jpg', 'https://cdn.mangahub.io/file/imghub/bleach/42/16.jpg', 'https://cdn.mangahub.io/file/imghub/bleach/42/17.jpg', 'https://cdn.mangahub.io/file/imghub/bleach/42/18.jpg', 'https://cdn.mangahub.io/file/imghub/bleach/42/19.jpg', 'https://cdn.mangahub.io/file/imghub/bleach/42/20.jpg']"
0,43,"['https://cdn.mangahub.io/file/imghub/bleach/43/1.jpg', 'https://cdn.mangahub.io/file/imghub/bleach/43/2.jpg', 'https://cdn.mangahub.io/file/imghub/bleach/43/3.jpg', 'https://cdn.mangahub.io/file/imghub/bleach/43/4.jpg', 'https://cdn.mangahub.io/file/imghub/bleach/43/5.jpg', 'https://cdn.mangahub.io/file/imghub/bleach/43/6.jpg', 'https://cdn.mangahub.io/file/imghub/bleach/43/7.jpg', 'https://cdn.mangahub.io/file/imghub/bleach/43/8.jpg', 'https://cdn.mangahub.io/file/imghub/bleach/43/9.jpg', 'https://cdn.mangahub.io/file/imghub/bleach/43/10.jpg', 'https://cdn.mangahub.io/file/imghub/bleach/43/11.jpg', 'https://cdn.mangahub.io/file/imghub/bleach/43/12.jpg', 'https://cdn.mangahub.io/file/imghub/bleach/43/13.jpg', 'https://cdn.mangahub.io/file/imghub/bleach/43/14.jpg', 'https://cdn.mangahub.io/file/imghub/bleach/43/15.jpg', 'https://cdn.mangahub.io/file/imghub/bleach/43/16.jpg', 'https://cdn.mangahub.io/file/imghub/bleach/43/17.jpg', 'https://cdn.mangahub.io/file/imghub/bleach/43/18.jpg', 'https://cdn.mangahub.io/file/imghub/bleach/43/19.jpg', 'https://cdn.mangahub.io/file/imghub/bleach/43/20.jpg']"
0,44,"['https://cdn.mangahub.io/file/imghub/bleach/44/1.jpg', 'https://cdn.mangahub.io/file/imghub/bleach/44/2.jpg', 'https://cdn.mangahub.io/file/imghub/bleach/44/3.jpg', 'https://cdn.mangahub.io/file/imghub/bleach/44/4.jpg', 'https://cdn.mangahub.io/file/imghub/bleach/44/5.jpg', 'https://cdn.mangahub.io/file/imghub/bleach/44/6.jpg', 'https://cdn.mangahub.io/file/imghub/bleach/44/7.jpg', 'https://cdn.mangahub.io/file/imghub/bleach/44/8.jpg', 'https://cdn.mangahub.io/file/imghub/bleach/44/9.jpg', 'https://cdn.mangahub.io/file/imghub/bleach/44/10.jpg', 'https://cdn.mangahub.io/file/imghub/bleach/44/11.jpg', 'https://cdn.mangahub.io/file/imghub/bleach/44/12.jpg', 'https://cdn.mangahub.io/file/imghub/bleach/44/13.jpg', 'https://cdn.mangahub.io/file/imghub/bleach/44/14.jpg', 'https://cdn.mangahub.io/file/imghub/bleach/44/15.jpg', 'https://cdn.mangahub.io/file/imghub/bleach/44/16.jpg', 'https://cdn.mangahub.io/file/imghub/bleach/44/17.jpg', 'https://cdn.mangahub.io/file/imghub/bleach/44/18.jpg', 'https://cdn.mangahub.io/file/imghub/bleach/44/19.jpg', 'https://cdn.mangahub.io/file/imghub/bleach/44/20.jpg', 'https://cdn.mangahub.io/file/imghub/bleach/44/21.jpg', 'https://cdn.mangahub.io/file/imghub/bleach/44/22.jpg', 'https://cdn.mangahub.io/file/imghub/bleach/44/23.jpg', 'https://cdn.mangahub.io/file/imghub/bleach/44/24.jpg']"
0,45,"['https://cdn.mangahub.io/file/imghub/bleach/45/1.jpg', 'https://cdn.mangahub.io/file/imghub/bleach/45/2.jpg', 'https://cdn.mangahub.io/file/imghub/bleach/45/3.jpg', 'https://cdn.mangahub.io/file/imghub/bleach/45/4.jpg', 'https://cdn.mangahub.io/file/imghub/bleach/45/5.jpg', 'https://cdn.mangahub.io/file/imghub/bleach/45/6.jpg', 'https://cdn.mangahub.io/file/imghub/bleach/45/7.jpg', 'https://cdn.mangahub.io/file/imghub/bleach/45/8.jpg', 'https://cdn.mangahub.io/file/imghub/bleach/45/9.jpg', 'https://cdn.mangahub.io/file/imghub/bleach/45/10.jpg', 'https://cdn.mangahub.io/file/imghub/bleach/45/11.jpg', 'https://cdn.mangahub.io/file/imghub/bleach/45/12.jpg', 'https://cdn.mangahub.io/file/imghub/bleach/45/13.jpg', 'https://cdn.mangahub.io/file/imghub/bleach/45/14.jpg', 'https://cdn.mangahub.io/file/imghub/bleach/45/15.jpg', 'https://cdn.mangahub.io/file/imghub/bleach/45/16.jpg', 'https://cdn.mangahub.io/file/imghub/bleach/45/17.jpg', 'https://cdn.mangahub.io/file/imghub/bleach/45/18.jpg', 'https://cdn.mangahub.io/file/imghub/bleach/45/19.jpg']"
0,46,"['https://cdn.mangahub.io/file/imghub/bleach/46/1.jpg', 'https://cdn.mangahub.io/file/imghub/bleach/46/2.jpg', 'https://cdn.mangahub.io/file/imghub/bleach/46/3.jpg', 'https://cdn.mangahub.io/file/imghub/bleach/46/4.jpg', 'https://cdn.mangahub.io/file/imghub/bleach/46/5.jpg', 'https://cdn.mangahub.io/file/imghub/bleach/46/6.jpg', 'https://cdn.mangahub.io/file/imghub/bleach/46/7.jpg', 'https://cdn.mangahub.io/file/imghub/bleach/46/8.jpg', 'https://cdn.mangahub.io/file/imghub/bleach/46/9.jpg', 'https://cdn.mangahub.io/file/imghub/bleach/46/10.jpg', 'https://cdn.mangahub.io/file/imghub/bleach/46/11.jpg', 'https://cdn.mangahub.io/file/imghub/bleach/46/12.jpg', 'https://cdn.mangahub.io/file/imghub/bleach/46/13.jpg', 'https://cdn.mangahub.io/file/imghub/bleach/46/14.jpg', 'https://cdn.mangahub.io/file/imghub/bleach/46/15.jpg', 'https://cdn.mangahub.io/file/imghub/bleach/46/16.jpg', 'https://cdn.mangahub.io/file/imghub/bleach/46/17.jpg', 'https://cdn.mangahub.io/file/imghub/bleach/46/18.jpg', 'https://cdn.mangahub.io/file/imghub/bleach/46/19.jpg', 'https://cdn.mangahub.io/file/imghub/bleach/46/20.jpg']"
0,47,"['https://cdn.mangahub.io/file/imghub/bleach/47/1.jpg', 'https://cdn.mangahub.io/file/imghub/bleach/47/2.jpg', 'https://cdn.mangahub.io/file/imghub/bleach/47/3.jpg', 'https://cdn.mangahub.io/file/imghub/bleach/47/4.jpg', 'https://cdn.mangahub.io/file/imghub/bleach/47/5.jpg', 'https://cdn.mangahub.io/file/imghub/bleach/47/6.jpg', 'https://cdn.mangahub.io/file/imghub/bleach/47/7.jpg', 'https://cdn.mangahub.io/file/imghub/bleach/47/8.jpg', 'https://cdn.mangahub.io/file/imghub/bleach/47/9.jpg', 'https://cdn.mangahub.io/file/imghub/bleach/47/10.jpg', 'https://cdn.mangahub.io/file/imghub/bleach/47/11.jpg', 'https://cdn.mangahub.io/file/imghub/bleach/47/12.jpg', 'https://cdn.mangahub.io/file/imghub/bleach/47/13.jpg', 'https://cdn.mangahub.io/file/imghub/bleach/47/14.jpg', 'https://cdn.mangahub.io/file/imghub/bleach/47/15.jpg', 'https://cdn.mangahub.io/file/imghub/bleach/47/16.jpg', 'https://cdn.mangahub.io/file/imghub/bleach/47/17.jpg', 'https://cdn.mangahub.io/file/imghub/bleach/47/18.jpg', 'https://cdn.mangahub.io/file/imghub/bleach/47/19.jpg']"
0,48,"['https://cdn.mangahub.io/file/imghub/bleach/48/1.jpg', 'https://cdn.mangahub.io/file/imghub/bleach/48/2.jpg', 'https://cdn.mangahub.io/file/imghub/bleach/48/3.jpg', 'https://cdn.mangahub.io/file/imghub/bleach/48/4.jpg', 'https://cdn.mangahub.io/file/imghub/bleach/48/5.jpg', 'https://cdn.mangahub.io/file/imghub/bleach/48/6.jpg', 'https://cdn.mangahub.io/file/imghub/bleach/48/7.jpg', 'https://cdn.mangahub.io/file/imghub/bleach/48/8.jpg', 'https://cdn.mangahub.io/file/imghub/bleach/48/9.jpg', 'https://cdn.mangahub.io/file/imghub/bleach/48/10.jpg', 'https://cdn.mangahub.io/file/imghub/bleach/48/11.jpg', 'https://cdn.mangahub.io/file/imghub/bleach/48/12.jpg', 'https://cdn.mangahub.io/file/imghub/bleach/48/13.jpg', 'https://cdn.mangahub.io/file/imghub/bleach/48/14.jpg', 'https://cdn.mangahub.io/file/imghub/bleach/48/15.jpg', 'https://cdn.mangahub.io/file/imghub/bleach/48/16.jpg', 'https://cdn.mangahub.io/file/imghub/bleach/48/17.jpg', 'https://cdn.mangahub.io/file/imghub/bleach/48/18.jpg', 'https://cdn.mangahub.io/file/imghub/bleach/48/19.jpg']"
0,49,"['https://cdn.mangahub.io/file/imghub/bleach/49/1.jpg', 'https://cdn.mangahub.io/file/imghub/bleach/49/2.jpg', 'https://cdn.mangahub.io/file/imghub/bleach/49/3.jpg', 'https://cdn.mangahub.io/file/imghub/bleach/49/4.jpg', 'https://cdn.mangahub.io/file/imghub/bleach/49/5.jpg', 'https://cdn.mangahub.io/file/imghub/bleach/49/6.jpg', 'https://cdn.mangahub.io/file/imghub/bleach/49/7.jpg', 'https://cdn.mangahub.io/file/imghub/bleach/49/8.jpg', 'https://cdn.mangahub.io/file/imghub/bleach/49/9.jpg', 'https://cdn.mangahub.io/file/imghub/bleach/49/10.jpg', 'https://cdn.mangahub.io/file/imghub/bleach/49/11.jpg', 'https://cdn.mangahub.io/file/imghub/bleach/49/12.jpg', 'https://cdn.mangahub.io/file/imghub/bleach/49/13.jpg', 'https://cdn.mangahub.io/file/imghub/bleach/49/14.jpg', 'https://cdn.mangahub.io/file/imghub/bleach/49/15.jpg', 'https://cdn.mangahub.io/file/imghub/bleach/49/16.jpg', 'https://cdn.mangahub.io/file/imghub/bleach/49/17.jpg', 'https://cdn.mangahub.io/file/imghub/bleach/49/18.jpg', 'https://cdn.mangahub.io/file/imghub/bleach/49/19.jpg', 'https://cdn.mangahub.io/file/imghub/bleach/49/20.jpg', 'https://cdn.mangahub.io/file/imghub/bleach/49/21.jpg']"
0,50,"['https://cdn.mangahub.io/file/imghub/bleach/50/1.jpg', 'https://cdn.mangahub.io/file/imghub/bleach/50/2.jpg', 'https://cdn.mangahub.io/file/imghub/bleach/50/3.jpg', 'https://cdn.mangahub.io/file/imghub/bleach/50/4.jpg', 'https://cdn.mangahub.io/file/imghub/bleach/50/5.jpg', 'https://cdn.mangahub.io/file/imghub/bleach/50/6.jpg', 'https://cdn.mangahub.io/file/imghub/bleach/50/7.jpg', 'https://cdn.mangahub.io/file/imghub/bleach/50/8.jpg', 'https://cdn.mangahub.io/file/imghub/bleach/50/9.jpg', 'https://cdn.mangahub.io/file/imghub/bleach/50/10.jpg', 'https://cdn.mangahub.io/file/imghub/bleach/50/11.jpg', 'https://cdn.mangahub.io/file/imghub/bleach/50/12.jpg', 'https://cdn.mangahub.io/file/imghub/bleach/50/13.jpg', 'https://cdn.mangahub.io/file/imghub/bleach/50/14.jpg', 'https://cdn.mangahub.io/file/imghub/bleach/50/15.jpg', 'https://cdn.mangahub.io/file/imghub/bleach/50/16.jpg', 'https://cdn.mangahub.io/file/imghub/bleach/50/17.jpg', 'https://cdn.mangahub.io/file/imghub/bleach/50/18.jpg', 'https://cdn.mangahub.io/file/imghub/bleach/50/19.jpg', 'https://cdn.mangahub.io/file/imghub/bleach/50/20.jpg', 'https://cdn.mangahub.io/file/imghub/bleach/50/21.jpg', 'https://cdn.mangahub.io/file/imghub/bleach/50/22.jpg']"
0,51,"['https://cdn.mangahub.io/file/imghub/bleach/51/1.jpg', 'https://cdn.mangahub.io/file/imghub/bleach/51/2.jpg', 'https://cdn.mangahub.io/file/imghub/bleach/51/3.jpg', 'https://cdn.mangahub.io/file/imghub/bleach/51/4.jpg', 'https://cdn.mangahub.io/file/imghub/bleach/51/5.jpg', 'https://cdn.mangahub.io/file/imghub/bleach/51/6.jpg', 'https://cdn.mangahub.io/file/imghub/bleach/51/7.jpg', 'https://cdn.mangahub.io/file/imghub/bleach/51/8.jpg', 'https://cdn.mangahub.io/file/imghub/bleach/51/9.jpg', 'https://cdn.mangahub.io/file/imghub/bleach/51/10.jpg', 'https://cdn.mangahub.io/file/imghub/bleach/51/11.jpg', 'https://cdn.mangahub.io/file/imghub/bleach/51/12.jpg', 'https://cdn.mangahub.io/file/imghub/bleach/51/13.jpg', 'https://cdn.mangahub.io/file/imghub/bleach/51/14.jpg', 'https://cdn.mangahub.io/file/imghub/bleach/51/15.jpg', 'https://cdn.mangahub.io/file/imghub/bleach/51/16.jpg', 'https://cdn.mangahub.io/file/imghub/bleach/51/17.jpg', 'https://cdn.mangahub.io/file/imghub/bleach/51/18.jpg', 'https://cdn.mangahub.io/file/imghub/bleach/51/19.jpg', 'https://cdn.mangahub.io/file/imghub/bleach/51/20.jpg', 'https://cdn.mangahub.io/file/imghub/bleach/51/21.jpg', 'https://cdn.mangahub.io/file/imghub/bleach/51/22.jpg', 'https://cdn.mangahub.io/file/imghub/bleach/51/23.jpg']"
0,52,"['https://cdn.mangahub.io/file/imghub/bleach/52/1.jpg', 'https://cdn.mangahub.io/file/imghub/bleach/52/2.jpg', 'https://cdn.mangahub.io/file/imghub/bleach/52/3.jpg', 'https://cdn.mangahub.io/file/imghub/bleach/52/4.jpg', 'https://cdn.mangahub.io/file/imghub/bleach/52/5.jpg', 'https://cdn.mangahub.io/file/imghub/bleach/52/6.jpg', 'https://cdn.mangahub.io/file/imghub/bleach/52/7.jpg', 'https://cdn.mangahub.io/file/imghub/bleach/52/8.jpg', 'https://cdn.mangahub.io/file/imghub/bleach/52/9.jpg', 'https://cdn.mangahub.io/file/imghub/bleach/52/10.jpg', 'https://cdn.mangahub.io/file/imghub/bleach/52/11.jpg', 'https://cdn.mangahub.io/file/imghub/bleach/52/12.jpg', 'https://cdn.mangahub.io/file/imghub/bleach/52/13.jpg', 'https://cdn.mangahub.io/file/imghub/bleach/52/14.jpg', 'https://cdn.mangahub.io/file/imghub/bleach/52/15.jpg', 'https://cdn.mangahub.io/file/imghub/bleach/52/16.jpg', 'https://cdn.mangahub.io/file/imghub/bleach/52/17.jpg', 'https://cdn.mangahub.io/file/imghub/bleach/52/18.jpg', 'https://cdn.mangahub.io/file/imghub/bleach/52/19.jpg', 'https://cdn.mangahub.io/file/imghub/bleach/52/20.jpg']"
0,53,"['https://cdn.mangahub.io/file/imghub/bleach/53/1.jpg', 'https://cdn.mangahub.io/file/imghub/bleach/53/2.jpg', 'https://cdn.mangahub.io/file/imghub/bleach/53/3.jpg', 'https://cdn.mangahub.io/file/imghub/bleach/53/4.jpg', 'https://cdn.mangahub.io/file/imghub/bleach/53/5.jpg', 'https://cdn.mangahub.io/file/imghub/bleach/53/6.jpg', 'https://cdn.mangahub.io/file/imghub/bleach/53/7.jpg', 'https://cdn.mangahub.io/file/imghub/bleach/53/8.jpg', 'https://cdn.mangahub.io/file/imghub/bleach/53/9.jpg', 'https://cdn.mangahub.io/file/imghub/bleach/53/10.jpg', 'https://cdn.mangahub.io/file/imghub/bleach/53/11.jpg', 'https://cdn.mangahub.io/file/imghub/bleach/53/12.jpg', 'https://cdn.mangahub.io/file/imghub/bleach/53/13.jpg', 'https://cdn.mangahub.io/file/imghub/bleach/53/14.jpg', 'https://cdn.mangahub.io/file/imghub/bleach/53/15.jpg', 'https://cdn.mangahub.io/file/imghub/bleach/53/16.jpg', 'https://cdn.mangahub.io/file/imghub/bleach/53/17.jpg', 'https://cdn.mangahub.io/file/imghub/bleach/53/18.jpg', 'https://cdn.mangahub.io/file/imghub/bleach/53/19.jpg', 'https://cdn.mangahub.io/file/imghub/bleach/53/20.jpg', 'https://cdn.mangahub.io/file/imghub/bleach/53/21.jpg', 'https://cdn.mangahub.io/file/imghub/bleach/53/22.jpg']"
0,54,"['https://cdn.mangahub.io/file/imghub/bleach/54/1.jpg', 'https://cdn.mangahub.io/file/imghub/bleach/54/2.jpg', 'https://cdn.mangahub.io/file/imghub/bleach/54/3.jpg', 'https://cdn.mangahub.io/file/imghub/bleach/54/4.jpg', 'https://cdn.mangahub.io/file/imghub/bleach/54/5.jpg', 'https://cdn.mangahub.io/file/imghub/bleach/54/6.jpg', 'https://cdn.mangahub.io/file/imghub/bleach/54/7.jpg', 'https://cdn.mangahub.io/file/imghub/bleach/54/8.jpg', 'https://cdn.mangahub.io/file/imghub/bleach/54/9.jpg', 'https://cdn.mangahub.io/file/imghub/bleach/54/10.jpg', 'https://cdn.mangahub.io/file/imghub/bleach/54/11.jpg', 'https://cdn.mangahub.io/file/imghub/bleach/54/12.jpg', 'https://cdn.mangahub.io/file/imghub/bleach/54/13.jpg', 'https://cdn.mangahub.io/file/imghub/bleach/54/14.jpg', 'https://cdn.mangahub.io/file/imghub/bleach/54/15.jpg', 'https://cdn.mangahub.io/file/imghub/bleach/54/16.jpg', 'https://cdn.mangahub.io/file/imghub/bleach/54/17.jpg', 'https://cdn.mangahub.io/file/imghub/bleach/54/18.jpg', 'https://cdn.mangahub.io/file/imghub/bleach/54/19.jpg', 'https://cdn.mangahub.io/file/imghub/bleach/54/20.jpg']"
0,55,"['https://cdn.mangahub.io/file/imghub/bleach/55/1.jpg', 'https://cdn.mangahub.io/file/imghub/bleach/55/2.jpg', 'https://cdn.mangahub.io/file/imghub/bleach/55/3.jpg', 'https://cdn.mangahub.io/file/imghub/bleach/55/4.jpg', 'https://cdn.mangahub.io/file/imghub/bleach/55/5.jpg', 'https://cdn.mangahub.io/file/imghub/bleach/55/6.jpg', 'https://cdn.mangahub.io/file/imghub/bleach/55/7.jpg', 'https://cdn.mangahub.io/file/imghub/bleach/55/8.jpg', 'https://cdn.mangahub.io/file/imghub/bleach/55/9.jpg', 'https://cdn.mangahub.io/file/imghub/bleach/55/10.jpg', 'https://cdn.mangahub.io/file/imghub/bleach/55/11.jpg', 'https://cdn.mangahub.io/file/imghub/bleach/55/12.jpg', 'https://cdn.mangahub.io/file/imghub/bleach/55/13.jpg', 'https://cdn.mangahub.io/file/imghub/bleach/55/14.jpg', 'https://cdn.mangahub.io/file/imghub/bleach/55/15.jpg', 'https://cdn.mangahub.io/file/imghub/bleach/55/16.jpg', 'https://cdn.mangahub.io/file/imghub/bleach/55/17.jpg', 'https://cdn.mangahub.io/file/imghub/bleach/55/18.jpg', 'https://cdn.mangahub.io/file/imghub/bleach/55/19.jpg', 'https://cdn.mangahub.io/file/imghub/bleach/55/20.jpg']"
0,56,"['https://cdn.mangahub.io/file/imghub/bleach/56/1.jpg', 'https://cdn.mangahub.io/file/imghub/bleach/56/2.jpg', 'https://cdn.mangahub.io/file/imghub/bleach/56/3.jpg', 'https://cdn.mangahub.io/file/imghub/bleach/56/4.jpg', 'https://cdn.mangahub.io/file/imghub/bleach/56/5.jpg', 'https://cdn.mangahub.io/file/imghub/bleach/56/6.jpg', 'https://cdn.mangahub.io/file/imghub/bleach/56/7.jpg', 'https://cdn.mangahub.io/file/imghub/bleach/56/8.jpg', 'https://cdn.mangahub.io/file/imghub/bleach/56/9.jpg', 'https://cdn.mangahub.io/file/imghub/bleach/56/10.jpg', 'https://cdn.mangahub.io/file/imghub/bleach/56/11.jpg', 'https://cdn.mangahub.io/file/imghub/bleach/56/12.jpg', 'https://cdn.mangahub.io/file/imghub/bleach/56/13.jpg', 'https://cdn.mangahub.io/file/imghub/bleach/56/14.jpg', 'https://cdn.mangahub.io/file/imghub/bleach/56/15.jpg', 'https://cdn.mangahub.io/file/imghub/bleach/56/16.jpg', 'https://cdn.mangahub.io/file/imghub/bleach/56/17.jpg', 'https://cdn.mangahub.io/file/imghub/bleach/56/18.jpg', 'https://cdn.mangahub.io/file/imghub/bleach/56/19.jpg', 'https://cdn.mangahub.io/file/imghub/bleach/56/20.jpg']"
0,57,"['https://cdn.mangahub.io/file/imghub/bleach/57/1.jpg', 'https://cdn.mangahub.io/file/imghub/bleach/57/2.jpg', 'https://cdn.mangahub.io/file/imghub/bleach/57/3.jpg', 'https://cdn.mangahub.io/file/imghub/bleach/57/4.jpg', 'https://cdn.mangahub.io/file/imghub/bleach/57/5.jpg', 'https://cdn.mangahub.io/file/imghub/bleach/57/6.jpg', 'https://cdn.mangahub.io/file/imghub/bleach/57/7.jpg', 'https://cdn.mangahub.io/file/imghub/bleach/57/8.jpg', 'https://cdn.mangahub.io/file/imghub/bleach/57/9.jpg', 'https://cdn.mangahub.io/file/imghub/bleach/57/10.jpg', 'https://cdn.mangahub.io/file/imghub/bleach/57/11.jpg', 'https://cdn.mangahub.io/file/imghub/bleach/57/12.jpg', 'https://cdn.mangahub.io/file/imghub/bleach/57/13.jpg', 'https://cdn.mangahub.io/file/imghub/bleach/57/14.jpg', 'https://cdn.mangahub.io/file/imghub/bleach/57/15.jpg', 'https://cdn.mangahub.io/file/imghub/bleach/57/16.jpg', 'https://cdn.mangahub.io/file/imghub/bleach/57/17.jpg', 'https://cdn.mangahub.io/file/imghub/bleach/57/18.jpg', 'https://cdn.mangahub.io/file/imghub/bleach/57/19.jpg', 'https://cdn.mangahub.io/file/imghub/bleach/57/20.jpg']"
0,58,"['https://cdn.mangahub.io/file/imghub/bleach/58/1.jpg', 'https://cdn.mangahub.io/file/imghub/bleach/58/2.jpg', 'https://cdn.mangahub.io/file/imghub/bleach/58/3.jpg', 'https://cdn.mangahub.io/file/imghub/bleach/58/4.jpg', 'https://cdn.mangahub.io/file/imghub/bleach/58/5.jpg', 'https://cdn.mangahub.io/file/imghub/bleach/58/6.jpg', 'https://cdn.mangahub.io/file/imghub/bleach/58/7.jpg', 'https://cdn.mangahub.io/file/imghub/bleach/58/8.jpg', 'https://cdn.mangahub.io/file/imghub/bleach/58/9.jpg', 'https://cdn.mangahub.io/file/imghub/bleach/58/10.jpg', 'https://cdn.mangahub.io/file/imghub/bleach/58/11.jpg', 'https://cdn.mangahub.io/file/imghub/bleach/58/12.jpg', 'https://cdn.mangahub.io/file/imghub/bleach/58/13.jpg', 'https://cdn.mangahub.io/file/imghub/bleach/58/14.jpg', 'https://cdn.mangahub.io/file/imghub/bleach/58/15.jpg', 'https://cdn.mangahub.io/file/imghub/bleach/58/16.jpg', 'https://cdn.mangahub.io/file/imghub/bleach/58/17.jpg', 'https://cdn.mangahub.io/file/imghub/bleach/58/18.jpg', 'https://cdn.mangahub.io/file/imghub/bleach/58/19.jpg', 'https://cdn.mangahub.io/file/imghub/bleach/58/20.jpg', 'https://cdn.mangahub.io/file/imghub/bleach/58/21.jpg', 'https://cdn.mangahub.io/file/imghub/bleach/58/22.jpg']"
0,59,"['https://cdn.mangahub.io/file/imghub/bleach/59/1.jpg', 'https://cdn.mangahub.io/file/imghub/bleach/59/2.jpg', 'https://cdn.mangahub.io/file/imghub/bleach/59/3.jpg', 'https://cdn.mangahub.io/file/imghub/bleach/59/4.jpg', 'https://cdn.mangahub.io/file/imghub/bleach/59/5.jpg', 'https://cdn.mangahub.io/file/imghub/bleach/59/6.jpg', 'https://cdn.mangahub.io/file/imghub/bleach/59/7.jpg', 'https://cdn.mangahub.io/file/imghub/bleach/59/8.jpg', 'https://cdn.mangahub.io/file/imghub/bleach/59/9.jpg', 'https://cdn.mangahub.io/file/imghub/bleach/59/10.jpg', 'https://cdn.mangahub.io/file/imghub/bleach/59/11.jpg', 'https://cdn.mangahub.io/file/imghub/bleach/59/12.jpg', 'https://cdn.mangahub.io/file/imghub/bleach/59/13.jpg', 'https://cdn.mangahub.io/file/imghub/bleach/59/14.jpg', 'https://cdn.mangahub.io/file/imghub/bleach/59/15.jpg', 'https://cdn.mangahub.io/file/imghub/bleach/59/16.jpg', 'https://cdn.mangahub.io/file/imghub/bleach/59/17.jpg', 'https://cdn.mangahub.io/file/imghub/bleach/59/18.jpg', 'https://cdn.mangahub.io/file/imghub/bleach/59/19.jpg', 'https://cdn.mangahub.io/file/imghub/bleach/59/20.jpg']"
0,60,"['https://cdn.mangahub.io/file/imghub/bleach/60/1.jpg', 'https://cdn.mangahub.io/file/imghub/bleach/60/2.jpg', 'https://cdn.mangahub.io/file/imghub/bleach/60/3.jpg', 'https://cdn.mangahub.io/file/imghub/bleach/60/4.jpg', 'https://cdn.mangahub.io/file/imghub/bleach/60/5.jpg', 'https://cdn.mangahub.io/file/imghub/bleach/60/6.jpg', 'https://cdn.mangahub.io/file/imghub/bleach/60/7.jpg', 'https://cdn.mangahub.io/file/imghub/bleach/60/8.jpg', 'https://cdn.mangahub.io/file/imghub/bleach/60/9.jpg', 'https://cdn.mangahub.io/file/imghub/bleach/60/10.jpg', 'https://cdn.mangahub.io/file/imghub/bleach/60/11.jpg', 'https://cdn.mangahub.io/file/imghub/bleach/60/12.jpg', 'https://cdn.mangahub.io/file/imghub/bleach/60/13.jpg', 'https://cdn.mangahub.io/file/imghub/bleach/60/14.jpg', 'https://cdn.mangahub.io/file/imghub/bleach/60/15.jpg', 'https://cdn.mangahub.io/file/imghub/bleach/60/16.jpg', 'https://cdn.mangahub.io/file/imghub/bleach/60/17.jpg', 'https://cdn.mangahub.io/file/imghub/bleach/60/18.jpg', 'https://cdn.mangahub.io/file/imghub/bleach/60/19.jpg', 'https://cdn.mangahub.io/file/imghub/bleach/60/20.jpg']"
0,61,"['https://cdn.mangahub.io/file/imghub/bleach/61/1.jpg', 'https://cdn.mangahub.io/file/imghub/bleach/61/2.jpg', 'https://cdn.mangahub.io/file/imghub/bleach/61/3.jpg', 'https://cdn.mangahub.io/file/imghub/bleach/61/4.jpg', 'https://cdn.mangahub.io/file/imghub/bleach/61/5.jpg', 'https://cdn.mangahub.io/file/imghub/bleach/61/6.jpg', 'https://cdn.mangahub.io/file/imghub/bleach/61/7.jpg', 'https://cdn.mangahub.io/file/imghub/bleach/61/8.jpg', 'https://cdn.mangahub.io/file/imghub/bleach/61/9.jpg', 'https://cdn.mangahub.io/file/imghub/bleach/61/10.jpg', 'https://cdn.mangahub.io/file/imghub/bleach/61/11.jpg', 'https://cdn.mangahub.io/file/imghub/bleach/61/12.jpg', 'https://cdn.mangahub.io/file/imghub/bleach/61/13.jpg', 'https://cdn.mangahub.io/file/imghub/bleach/61/14.jpg', 'https://cdn.mangahub.io/file/imghub/bleach/61/15.jpg', 'https://cdn.mangahub.io/file/imghub/bleach/61/16.jpg', 'https://cdn.mangahub.io/file/imghub/bleach/61/17.jpg', 'https://cdn.mangahub.io/file/imghub/bleach/61/18.jpg']"
0,62,"['https://cdn.mangahub.io/file/imghub/bleach/62/1.jpg', 'https://cdn.mangahub.io/file/imghub/bleach/62/2.jpg', 'https://cdn.mangahub.io/file/imghub/bleach/62/3.jpg', 'https://cdn.mangahub.io/file/imghub/bleach/62/4.jpg', 'https://cdn.mangahub.io/file/imghub/bleach/62/5.jpg', 'https://cdn.mangahub.io/file/imghub/bleach/62/6.jpg', 'https://cdn.mangahub.io/file/imghub/bleach/62/7.jpg', 'https://cdn.mangahub.io/file/imghub/bleach/62/8.jpg', 'https://cdn.mangahub.io/file/imghub/bleach/62/9.jpg', 'https://cdn.mangahub.io/file/imghub/bleach/62/10.jpg', 'https://cdn.mangahub.io/file/imghub/bleach/62/11.jpg', 'https://cdn.mangahub.io/file/imghub/bleach/62/12.jpg', 'https://cdn.mangahub.io/file/imghub/bleach/62/13.jpg', 'https://cdn.mangahub.io/file/imghub/bleach/62/14.jpg', 'https://cdn.mangahub.io/file/imghub/bleach/62/15.jpg', 'https://cdn.mangahub.io/file/imghub/bleach/62/16.jpg', 'https://cdn.mangahub.io/file/imghub/bleach/62/17.jpg', 'https://cdn.mangahub.io/file/imghub/bleach/62/18.jpg', 'https://cdn.mangahub.io/file/imghub/bleach/62/19.jpg', 'https://cdn.mangahub.io/file/imghub/bleach/62/20.jpg', 'https://cdn.mangahub.io/file/imghub/bleach/62/21.jpg', 'https://cdn.mangahub.io/file/imghub/bleach/62/22.jpg', 'https://cdn.mangahub.io/file/imghub/bleach/62/23.jpg', 'https://cdn.mangahub.io/file/imghub/bleach/62/24.jpg', 'https://cdn.mangahub.io/file/imghub/bleach/62/25.jpg', 'https://cdn.mangahub.io/file/imghub/bleach/62/26.jpg']"
0,63,"['https://cdn.mangahub.io/file/imghub/bleach/63/1.jpg', 'https://cdn.mangahub.io/file/imghub/bleach/63/2.jpg', 'https://cdn.mangahub.io/file/imghub/bleach/63/3.jpg', 'https://cdn.mangahub.io/file/imghub/bleach/63/4.jpg', 'https://cdn.mangahub.io/file/imghub/bleach/63/5.jpg', 'https://cdn.mangahub.io/file/imghub/bleach/63/6.jpg', 'https://cdn.mangahub.io/file/imghub/bleach/63/7.jpg', 'https://cdn.mangahub.io/file/imghub/bleach/63/8.jpg', 'https://cdn.mangahub.io/file/imghub/bleach/63/9.jpg', 'https://cdn.mangahub.io/file/imghub/bleach/63/10.jpg', 'https://cdn.mangahub.io/file/imghub/bleach/63/11.jpg', 'https://cdn.mangahub.io/file/imghub/bleach/63/12.jpg', 'https://cdn.mangahub.io/file/imghub/bleach/63/13.jpg', 'https://cdn.mangahub.io/file/imghub/bleach/63/14.jpg', 'https://cdn.mangahub.io/file/imghub/bleach/63/15.jpg', 'https://cdn.mangahub.io/file/imghub/bleach/63/16.jpg', 'https://cdn.mangahub.io/file/imghub/bleach/63/17.jpg', 'https://cdn.mangahub.io/file/imghub/bleach/63/18.jpg', 'https://cdn.mangahub.io/file/imghub/bleach/63/19.jpg']"
0,64,"['https://cdn.mangahub.io/file/imghub/bleach/64/1.jpg', 'https://cdn.mangahub.io/file/imghub/bleach/64/2.jpg', 'https://cdn.mangahub.io/file/imghub/bleach/64/3.jpg', 'https://cdn.mangahub.io/file/imghub/bleach/64/4.jpg', 'https://cdn.mangahub.io/file/imghub/bleach/64/5.jpg', 'https://cdn.mangahub.io/file/imghub/bleach/64/6.jpg', 'https://cdn.mangahub.io/file/imghub/bleach/64/7.jpg', 'https://cdn.mangahub.io/file/imghub/bleach/64/8.jpg', 'https://cdn.mangahub.io/file/imghub/bleach/64/9.jpg', 'https://cdn.mangahub.io/file/imghub/bleach/64/10.jpg', 'https://cdn.mangahub.io/file/imghub/bleach/64/11.jpg', 'https://cdn.mangahub.io/file/imghub/bleach/64/12.jpg', 'https://cdn.mangahub.io/file/imghub/bleach/64/13.jpg', 'https://cdn.mangahub.io/file/imghub/bleach/64/14.jpg', 'https://cdn.mangahub.io/file/imghub/bleach/64/15.jpg', 'https://cdn.mangahub.io/file/imghub/bleach/64/16.jpg', 'https://cdn.mangahub.io/file/imghub/bleach/64/17.jpg', 'https://cdn.mangahub.io/file/imghub/bleach/64/18.jpg', 'https://cdn.mangahub.io/file/imghub/bleach/64/19.jpg', 'https://cdn.mangahub.io/file/imghub/bleach/64/20.jpg', 'https://cdn.mangahub.io/file/imghub/bleach/64/21.jpg', 'https://cdn.mangahub.io/file/imghub/bleach/64/22.jpg']"
0,65,"['https://cdn.mangahub.io/file/imghub/bleach/65/1.jpg', 'https://cdn.mangahub.io/file/imghub/bleach/65/2.jpg', 'https://cdn.mangahub.io/file/imghub/bleach/65/3.jpg', 'https://cdn.mangahub.io/file/imghub/bleach/65/4.jpg', 'https://cdn.mangahub.io/file/imghub/bleach/65/5.jpg', 'https://cdn.mangahub.io/file/imghub/bleach/65/6.jpg', 'https://cdn.mangahub.io/file/imghub/bleach/65/7.jpg', 'https://cdn.mangahub.io/file/imghub/bleach/65/8.jpg', 'https://cdn.mangahub.io/file/imghub/bleach/65/9.jpg', 'https://cdn.mangahub.io/file/imghub/bleach/65/10.jpg', 'https://cdn.mangahub.io/file/imghub/bleach/65/11.jpg', 'https://cdn.mangahub.io/file/imghub/bleach/65/12.jpg', 'https://cdn.mangahub.io/file/imghub/bleach/65/13.jpg', 'https://cdn.mangahub.io/file/imghub/bleach/65/14.jpg', 'https://cdn.mangahub.io/file/imghub/bleach/65/15.jpg', 'https://cdn.mangahub.io/file/imghub/bleach/65/16.jpg', 'https://cdn.mangahub.io/file/imghub/bleach/65/17.jpg', 'https://cdn.mangahub.io/file/imghub/bleach/65/18.jpg', 'https://cdn.mangahub.io/file/imghub/bleach/65/19.jpg', 'https://cdn.mangahub.io/file/imghub/bleach/65/20.jpg']"
0,66,"['https://cdn.mangahub.io/file/imghub/bleach/66/1.jpg', 'https://cdn.mangahub.io/file/imghub/bleach/66/2.jpg', 'https://cdn.mangahub.io/file/imghub/bleach/66/3.jpg', 'https://cdn.mangahub.io/file/imghub/bleach/66/4.jpg', 'https://cdn.mangahub.io/file/imghub/bleach/66/5.jpg', 'https://cdn.mangahub.io/file/imghub/bleach/66/6.jpg', 'https://cdn.mangahub.io/file/imghub/bleach/66/7.jpg', 'https://cdn.mangahub.io/file/imghub/bleach/66/8.jpg', 'https://cdn.mangahub.io/file/imghub/bleach/66/9.jpg', 'https://cdn.mangahub.io/file/imghub/bleach/66/10.jpg', 'https://cdn.mangahub.io/file/imghub/bleach/66/11.jpg', 'https://cdn.mangahub.io/file/imghub/bleach/66/12.jpg', 'https://cdn.mangahub.io/file/imghub/bleach/66/13.jpg', 'https://cdn.mangahub.io/file/imghub/bleach/66/14.jpg', 'https://cdn.mangahub.io/file/imghub/bleach/66/15.jpg', 'https://cdn.mangahub.io/file/imghub/bleach/66/16.jpg', 'https://cdn.mangahub.io/file/imghub/bleach/66/17.jpg', 'https://cdn.mangahub.io/file/imghub/bleach/66/18.jpg', 'https://cdn.mangahub.io/file/imghub/bleach/66/19.jpg', 'https://cdn.mangahub.io/file/imghub/bleach/66/20.jpg', 'https://cdn.mangahub.io/file/imghub/bleach/66/21.jpg']"
